Timestamp,Team_ID,Player_ID,Event,Location_X,Location_Y,frame_id,confidence
34.999,0,1,movement,12.727,3.04,2100,1.0
34.999,0,2,movement,33.543,1.392,2100,1.0
34.999,1,3,movement,24.82,0.944,2100,1.0
34.999,0,4,movement,17.432,6.465,2100,1.0
34.999,1,5,movement,20.926,3.484,2100,1.0
34.999,0,6,movement,6.822,-13.775,2100,1.0
35.016,0,3,movement,24.521,0.89,2101,1.0
35.016,1,2,movement,33.597,1.408,2101,1.0
35.016,1,1,movement,12.564,2.962,2101,1.0
35.016,1,4,movement,17.821,6.592,2101,1.0
35.016,0,5,movement,20.767,3.398,2101,1.0
35.016,1,6,movement,6.697,-13.777,2101,1.0
35.033,0,3,movement,24.468,0.884,2102,1.0
35.033,0,1,movement,12.428,2.933,2102,1.0
35.033,1,2,movement,33.483,1.392,2102,1.0
35.033,0,5,movement,20.74,3.389,2102,1.0
35.033,1,4,movement,17.63,6.496,2102,1.0
35.033,1,6,movement,6.669,-13.79,2102,1.0
35.033,1,7,movement,37.464,-18.614,2102,1.0
35.049,0,3,movement,24.514,0.885,2103,1.0
35.049,1,1,movement,12.393,2.934,2103,1.0
35.049,1,2,movement,33.633,1.416,2103,1.0
35.049,1,4,movement,17.733,6.504,2103,1.0
35.049,0,5,movement,20.768,3.358,2103,1.0
35.049,1,6,movement,6.658,-13.796,2103,1.0
35.049,1,7,movement,37.433,-18.615,2103,1.0
35.066,0,3,movement,24.548,0.876,2104,1.0
35.066,1,2,movement,33.508,1.402,2104,1.0
35.066,0,1,movement,12.447,2.955,2104,1.0
35.066,0,5,movement,20.669,3.297,2104,1.0
35.066,0,4,movement,18.947,6.852,2104,1.0
35.066,1,7,movement,37.717,-18.653,2104,1.0
35.066,0,6,movement,6.594,-13.791,2104,1.0
35.083,1,3,movement,24.384,0.842,2105,1.0
35.083,0,2,movement,33.517,1.415,2105,1.0
35.083,0,1,movement,12.296,2.915,2105,1.0
35.083,0,4,movement,18.853,6.82,2105,1.0
35.083,1,5,movement,20.767,3.309,2105,1.0
35.083,0,7,movement,37.9,-18.673,2105,1.0
35.083,0,17,movement,41.652,-17.748,2105,1.0
35.083,1,16,movement,53.887,-28.307,2105,1.0
35.083,0,6,movement,6.509,-13.788,2105,1.0
35.099,1,2,movement,33.516,1.412,2106,1.0
35.099,0,3,movement,24.38,0.85,2106,1.0
35.099,1,1,movement,12.369,2.956,2106,1.0
35.099,0,5,movement,20.704,3.282,2106,1.0
35.099,1,4,movement,18.968,6.836,2106,1.0
35.099,1,7,movement,38.032,-18.688,2106,1.0
35.099,1,17,movement,41.751,-17.724,2106,1.0
35.099,1,6,movement,6.282,-13.787,2106,1.0
35.099,0,16,movement,53.945,-28.321,2106,1.0
35.116,1,2,movement,33.508,1.413,2107,1.0
35.116,0,3,movement,24.516,0.864,2107,1.0
35.116,1,4,movement,20.246,7.204,2107,1.0
35.116,0,5,movement,20.806,3.302,2107,1.0
35.116,1,7,movement,37.507,-18.645,2107,1.0
35.116,1,6,movement,6.181,-13.789,2107,1.0
35.116,1,17,movement,41.775,-17.722,2107,1.0
35.116,1,1,movement,13.198,3.235,2107,1.0
35.116,0,16,movement,53.779,-28.292,2107,1.0
35.133,1,2,movement,33.553,1.433,2108,1.0
35.133,1,4,movement,20.327,7.206,2108,1.0
35.133,0,3,movement,24.495,0.86,2108,1.0
35.133,0,22,movement,22.568,5.474,2108,1.0
35.133,0,5,movement,21.163,3.338,2108,1.0
35.133,1,6,movement,6.155,-13.785,2108,1.0
35.133,1,7,movement,37.757,-18.665,2108,1.0
35.133,1,17,movement,41.82,-17.727,2108,1.0
35.133,1,1,movement,13.203,3.251,2108,1.0
35.133,0,16,movement,53.858,-28.308,2108,1.0
35.149,0,3,movement,24.481,0.844,2109,1.0
35.149,1,2,movement,33.549,1.438,2109,1.0
35.149,0,22,movement,22.425,5.428,2109,1.0
35.149,1,4,movement,20.159,7.135,2109,1.0
35.149,0,5,movement,20.662,3.219,2109,1.0
35.149,1,6,movement,5.937,-13.779,2109,1.0
35.149,1,17,movement,42.096,-17.776,2109,1.0
35.149,0,1,movement,13.299,3.314,2109,1.0
35.166,1,2,movement,33.587,1.442,2110,1.0
35.166,0,22,movement,22.456,5.44,2110,1.0
35.166,1,4,movement,20.583,7.262,2110,1.0
35.166,0,3,movement,24.497,0.844,2110,1.0
35.166,0,5,movement,21.675,3.384,2110,1.0
35.166,1,6,movement,5.826,-13.774,2110,1.0
35.166,1,1,movement,13.311,3.325,2110,1.0
35.166,1,28,movement,44.596,-19.034,2110,1.0
35.166,1,17,movement,42.253,-17.776,2110,1.0
35.183,0,2,movement,33.508,1.435,2111,1.0
35.183,1,22,movement,22.364,5.409,2111,1.0
35.183,0,4,movement,20.53,7.217,2111,1.0
35.183,1,3,movement,24.496,0.846,2111,1.0
35.183,1,5,movement,21.795,3.373,2111,1.0
35.183,0,6,movement,6.064,-13.786,2111,1.0
35.183,1,1,movement,11.988,2.931,2111,1.0
35.183,0,17,movement,42.17,-17.772,2111,1.0
35.183,0,28,movement,44.633,-19.055,2111,1.0
35.199,1,2,movement,33.515,1.441,2112,1.0
35.199,0,3,movement,24.454,0.827,2112,1.0
35.199,1,4,movement,20.106,7.056,2112,1.0
35.199,0,22,movement,22.382,5.413,2112,1.0
35.199,1,6,movement,5.993,-13.783,2112,1.0
35.199,0,1,movement,12.045,2.959,2112,1.0
35.199,0,5,movement,20.865,3.151,2112,1.0
35.199,1,28,movement,44.621,-19.042,2112,1.0
35.199,1,17,movement,42.212,-17.769,2112,1.0
35.216,1,2,movement,33.611,1.463,2113,1.0
35.216,0,3,movement,24.536,0.856,2113,1.0
35.216,1,4,movement,19.987,7.0,2113,1.0
35.216,0,22,movement,22.27,5.382,2113,1.0
35.216,1,6,movement,5.693,-13.774,2113,1.0
35.216,0,5,movement,22.248,3.453,2113,1.0
35.216,0,1,movement,11.995,2.95,2113,1.0
35.216,1,28,movement,44.835,-19.039,2113,1.0
35.216,1,17,movement,42.072,-17.745,2113,1.0
35.233,0,3,movement,24.501,0.845,2114,1.0
35.233,1,2,movement,33.55,1.451,2114,1.0
35.233,0,22,movement,22.102,5.329,2114,1.0
35.233,0,5,movement,20.326,2.994,2114,1.0
35.233,1,4,movement,19.398,6.783,2114,1.0
35.233,1,6,movement,5.707,-13.777,2114,1.0
35.233,0,1,movement,11.973,2.958,2114,1.0
35.233,1,17,movement,42.139,-17.761,2114,1.0
35.233,1,28,movement,44.96,-19.093,2114,1.0
35.249,1,2,movement,33.565,1.463,2115,1.0
35.249,0,3,movement,24.55,0.856,2115,1.0
35.249,0,22,movement,21.967,5.289,2115,1.0
35.249,0,4,movement,20.601,7.145,2115,1.0
35.249,0,5,movement,20.454,2.996,2115,1.0
35.249,1,6,movement,5.498,-13.773,2115,1.0
35.249,1,17,movement,42.155,-17.752,2115,1.0
35.249,0,1,movement,11.923,2.957,2115,1.0
35.249,1,28,movement,45.119,-19.124,2115,1.0
35.266,0,3,movement,24.601,0.871,2116,1.0
35.266,1,2,movement,33.445,1.45,2116,1.0
35.266,0,22,movement,22.102,5.327,2116,1.0
35.266,0,5,movement,20.378,2.963,2116,1.0
35.266,0,4,movement,20.367,7.056,2116,1.0
35.266,1,6,movement,5.637,-13.779,2116,1.0
35.266,1,17,movement,42.03,-17.716,2116,1.0
35.266,1,28,movement,45.019,-19.044,2116,1.0
35.266,0,1,movement,11.847,2.928,2116,1.0
35.283,0,3,movement,24.454,0.84,2117,1.0
35.283,1,2,movement,33.472,1.463,2117,1.0
35.283,0,22,movement,21.968,5.281,2117,1.0
35.283,0,5,movement,20.448,2.872,2117,1.0
35.283,0,4,movement,20.646,7.123,2117,1.0
35.283,1,6,movement,5.932,-13.787,2117,1.0
35.283,0,1,movement,11.842,2.932,2117,1.0
35.283,1,17,movement,42.061,-17.731,2117,1.0
35.283,1,28,movement,44.518,-19.022,2117,1.0
35.299,1,2,movement,33.522,1.482,2118,1.0
35.299,0,3,movement,24.344,0.821,2118,1.0
35.299,0,22,movement,21.912,5.258,2118,1.0
35.299,0,5,movement,20.314,2.809,2118,1.0
35.299,1,4,movement,19.517,6.729,2118,1.0
35.299,0,1,movement,11.646,2.869,2118,1.0
35.299,1,17,movement,41.983,-17.718,2118,1.0
35.299,1,7,movement,37.604,-18.685,2118,1.0
35.299,1,6,movement,5.922,-13.793,2118,1.0
35.299,1,39,movement,44.542,-18.344,2118,1.0
35.316,0,3,movement,24.595,0.868,2119,1.0
35.316,1,2,movement,33.543,1.488,2119,1.0
35.316,0,22,movement,21.939,5.268,2119,1.0
35.316,0,5,movement,20.399,2.792,2119,1.0
35.316,1,4,movement,18.96,6.547,2119,1.0
35.316,0,1,movement,11.617,2.865,2119,1.0
35.316,1,6,movement,5.805,-13.792,2119,1.0
35.316,1,17,movement,42.129,-17.734,2119,1.0
35.316,1,7,movement,37.552,-18.679,2119,1.0
35.333,0,3,movement,24.463,0.844,2120,1.0
35.333,1,2,movement,33.636,1.499,2120,1.0
35.333,0,22,movement,21.871,5.235,2120,1.0
35.333,0,5,movement,20.397,2.764,2120,1.0
35.333,1,4,movement,18.776,6.461,2120,1.0
35.333,0,1,movement,11.54,2.895,2120,1.0
35.333,1,6,movement,5.735,-13.793,2120,1.0
35.333,1,17,movement,42.081,-17.732,2120,1.0
35.333,1,28,movement,44.743,-19.046,2120,1.0
35.349,0,3,movement,24.497,0.861,2121,1.0
35.349,1,2,movement,33.579,1.492,2121,1.0
35.349,0,22,movement,22.055,5.296,2121,1.0
35.349,1,4,movement,19.046,6.531,2121,1.0
35.349,0,1,movement,11.499,2.854,2121,1.0
35.349,0,5,movement,20.514,2.74,2121,1.0
35.349,1,17,movement,41.898,-17.707,2121,1.0
35.349,1,7,movement,37.626,-18.676,2121,1.0
35.349,1,6,movement,4.759,-13.77,2121,1.0
35.349,1,28,movement,44.596,-18.967,2121,1.0
35.366,0,3,movement,24.5,0.848,2122,1.0
35.366,1,2,movement,33.571,1.5,2122,1.0
35.366,0,22,movement,22.013,5.284,2122,1.0
35.366,0,5,movement,20.617,2.746,2122,1.0
35.366,1,4,movement,19.057,6.517,2122,1.0
35.366,0,1,movement,11.46,2.854,2122,1.0
35.366,1,6,movement,5.0,-13.781,2122,1.0
35.366,1,17,movement,42.301,-17.789,2122,1.0
35.366,1,7,movement,37.869,-18.716,2122,1.0
35.366,1,28,movement,44.799,-18.971,2122,1.0
35.383,0,2,movement,33.497,1.494,2123,1.0
35.383,1,3,movement,24.494,0.836,2123,1.0
35.383,1,22,movement,21.919,5.242,2123,1.0
35.383,1,5,movement,20.547,2.693,2123,1.0
35.383,1,1,movement,11.455,2.845,2123,1.0
35.383,0,7,movement,38.289,-18.753,2123,1.0
35.383,0,6,movement,4.97,-13.779,2123,1.0
35.383,0,17,movement,42.124,-17.786,2123,1.0
35.383,0,4,movement,19.193,6.528,2123,1.0
35.383,0,28,movement,44.788,-19.001,2123,1.0
35.399,0,2,movement,33.534,1.505,2124,1.0
35.399,1,3,movement,24.382,0.842,2124,1.0
35.399,1,22,movement,21.892,5.239,2124,1.0
35.399,0,6,movement,5.004,-13.786,2124,1.0
35.399,1,5,movement,20.853,2.737,2124,1.0
35.399,0,4,movement,19.207,6.5,2124,1.0
35.399,1,1,movement,11.441,2.856,2124,1.0
35.399,0,17,movement,42.263,-17.777,2124,1.0
35.399,0,7,movement,38.062,-18.725,2124,1.0
35.399,0,28,movement,44.747,-19.012,2124,1.0
35.416,0,3,movement,24.122,0.788,2125,1.0
35.416,1,2,movement,33.494,1.507,2125,1.0
35.416,0,22,movement,21.871,5.232,2125,1.0
35.416,0,4,movement,19.882,6.69,2125,1.0
35.416,0,1,movement,11.425,2.847,2125,1.0
35.416,1,6,movement,5.393,-13.806,2125,1.0
35.416,0,5,movement,21.004,2.729,2125,1.0
35.416,1,28,movement,44.751,-18.997,2125,1.0
35.416,1,17,movement,42.57,-17.861,2125,1.0
35.416,1,7,movement,37.411,-18.654,2125,1.0
35.433,1,2,movement,33.493,1.52,2126,1.0
35.433,0,22,movement,21.836,5.215,2126,1.0
35.433,0,3,movement,24.103,0.789,2126,1.0
35.433,0,1,movement,11.368,2.844,2126,1.0
35.433,1,6,movement,4.033,-13.743,2126,1.0
35.433,1,4,movement,19.024,6.406,2126,1.0
35.433,0,5,movement,20.879,2.651,2126,1.0
35.433,1,17,movement,42.367,-17.785,2126,1.0
35.433,1,28,movement,44.6,-18.972,2126,1.0
35.433,1,7,movement,37.637,-18.678,2126,1.0
35.449,0,2,movement,33.451,1.527,2127,1.0
35.449,1,22,movement,21.829,5.214,2127,1.0
35.449,1,3,movement,24.179,0.797,2127,1.0
35.449,0,4,movement,19.046,6.385,2127,1.0
35.449,0,6,movement,4.142,-13.749,2127,1.0
35.449,1,5,movement,20.517,2.519,2127,1.0
35.449,1,1,movement,11.283,2.826,2127,1.0
35.449,0,17,movement,42.112,-17.773,2127,1.0
35.449,0,28,movement,44.719,-19.043,2127,1.0
35.466,0,2,movement,33.489,1.544,2128,1.0
35.466,1,22,movement,21.835,5.221,2128,1.0
35.466,1,3,movement,24.212,0.794,2128,1.0
35.466,0,6,movement,4.462,-13.775,2128,1.0
35.466,0,4,movement,19.711,6.575,2128,1.0
35.466,1,5,movement,20.925,2.591,2128,1.0
35.466,1,1,movement,11.206,2.802,2128,1.0
35.466,0,28,movement,44.768,-19.028,2128,1.0
35.466,0,17,movement,41.815,-17.671,2128,1.0
35.483,0,2,movement,33.485,1.556,2129,1.0
35.483,1,22,movement,21.932,5.257,2129,1.0
35.483,1,3,movement,24.109,0.779,2129,1.0
35.483,0,6,movement,4.222,-13.763,2129,1.0
35.483,1,5,movement,20.858,2.484,2129,1.0
35.483,0,4,movement,17.967,6.043,2129,1.0
35.483,1,1,movement,11.136,2.796,2129,1.0
35.483,0,17,movement,42.001,-17.687,2129,1.0
35.483,0,28,movement,44.67,-19.05,2129,1.0
35.499,1,2,movement,33.535,1.561,2130,1.0
35.499,0,3,movement,24.11,0.782,2130,1.0
35.499,0,22,movement,21.87,5.244,2130,1.0
35.499,0,4,movement,20.32,6.732,2130,1.0
35.499,0,5,movement,20.81,2.439,2130,1.0
35.499,0,1,movement,11.262,2.863,2130,1.0
35.499,1,6,movement,4.108,-13.756,2130,1.0
35.499,1,17,movement,42.208,-17.748,2130,1.0
35.499,1,7,movement,37.613,-18.683,2130,1.0
35.516,1,2,movement,33.563,1.575,2131,1.0
35.516,0,22,movement,21.938,5.262,2131,1.0
35.516,0,3,movement,23.977,0.75,2131,1.0
35.516,1,4,movement,19.796,6.545,2131,1.0
35.516,0,1,movement,11.194,2.85,2131,1.0
35.516,1,6,movement,3.851,-13.758,2131,1.0
35.516,0,5,movement,20.39,2.358,2131,1.0
35.516,1,17,movement,42.323,-17.784,2131,1.0
35.533,0,3,movement,24.161,0.792,2132,1.0
35.533,1,2,movement,33.566,1.582,2132,1.0
35.533,0,22,movement,22.013,5.281,2132,1.0
35.533,0,1,movement,11.086,2.842,2132,1.0
35.533,1,4,movement,19.88,6.552,2132,1.0
35.533,0,5,movement,21.297,2.474,2132,1.0
35.533,1,6,movement,3.947,-13.779,2132,1.0
35.549,0,3,movement,24.095,0.766,2133,1.0
35.549,1,2,movement,33.516,1.578,2133,1.0
35.549,0,22,movement,21.981,5.258,2133,1.0
35.549,0,1,movement,11.128,2.856,2133,1.0
35.549,1,4,movement,18.214,6.032,2133,1.0
35.549,0,5,movement,21.526,2.459,2133,1.0
35.549,1,6,movement,3.969,-13.784,2133,1.0
35.549,1,17,movement,42.369,-17.806,2133,1.0
35.566,0,22,movement,21.929,5.233,2134,1.0
35.566,1,2,movement,33.505,1.561,2134,1.0
35.566,0,3,movement,24.016,0.762,2134,1.0
35.566,0,1,movement,11.162,2.873,2134,1.0
35.566,1,4,movement,17.801,5.864,2134,1.0
35.566,0,5,movement,21.484,2.453,2134,1.0
35.566,1,6,movement,3.784,-13.781,2134,1.0
35.566,1,17,movement,41.865,-17.628,2134,1.0
35.566,1,7,movement,37.324,-18.637,2134,1.0
35.583,1,22,movement,21.879,5.218,2135,1.0
35.583,1,3,movement,23.972,0.749,2135,1.0
35.583,0,2,movement,33.563,1.596,2135,1.0
35.583,1,1,movement,11.144,2.859,2135,1.0
35.583,0,4,movement,17.974,5.895,2135,1.0
35.583,0,17,movement,41.905,-17.641,2135,1.0
35.583,1,5,movement,22.153,2.549,2135,1.0
35.583,0,6,movement,3.769,-13.795,2135,1.0
35.599,0,22,movement,21.919,5.234,2136,1.0
35.599,1,2,movement,33.567,1.606,2136,1.0
35.599,0,3,movement,24.157,0.788,2136,1.0
35.599,1,4,movement,19.356,6.293,2136,1.0
35.599,0,1,movement,11.251,2.905,2136,1.0
35.599,1,17,movement,41.947,-17.643,2136,1.0
35.599,1,5,movement,21.424,2.365,2136,1.0
35.599,1,6,movement,5.529,-13.872,2136,1.0
35.616,0,2,movement,33.496,1.604,2137,1.0
35.616,1,3,movement,24.015,0.767,2137,1.0
35.616,1,22,movement,21.855,5.22,2137,1.0
35.616,1,1,movement,11.138,2.878,2137,1.0
35.616,0,5,movement,21.133,2.258,2137,1.0
35.616,0,4,movement,20.08,6.502,2137,1.0
35.616,0,17,movement,42.093,-17.641,2137,1.0
35.633,1,2,movement,33.441,1.596,2138,1.0
35.633,0,22,movement,21.524,5.131,2138,1.0
35.633,0,3,movement,23.909,0.742,2138,1.0
35.633,0,1,movement,11.272,2.927,2138,1.0
35.633,1,5,movement,20.663,2.115,2138,1.0
35.633,1,4,movement,20.21,6.521,2138,1.0
35.633,1,17,movement,42.004,-17.631,2138,1.0
35.633,1,6,movement,3.529,-13.799,2138,1.0
35.649,1,2,movement,33.468,1.606,2139,1.0
35.649,0,3,movement,23.965,0.762,2139,1.0
35.649,0,22,movement,21.572,5.142,2139,1.0
35.649,0,1,movement,11.253,2.914,2139,1.0
35.649,0,5,movement,20.898,2.105,2139,1.0
35.649,1,4,movement,18.372,5.931,2139,1.0
35.649,1,6,movement,3.761,-13.821,2139,1.0
35.666,1,2,movement,33.414,1.593,2140,1.0
35.666,0,3,movement,23.91,0.773,2140,1.0
35.666,0,22,movement,21.556,5.144,2140,1.0
35.666,1,5,movement,19.959,1.882,2140,1.0
35.666,1,4,movement,20.347,6.521,2140,1.0
35.666,0,1,movement,11.56,3.016,2140,1.0
35.666,1,17,movement,42.126,-17.621,2140,1.0
35.683,1,2,movement,33.407,1.597,2141,1.0
35.683,0,3,movement,23.861,0.759,2141,1.0
35.683,0,22,movement,21.591,5.141,2141,1.0
35.683,0,1,movement,11.318,2.951,2141,1.0
35.683,1,4,movement,19.776,6.318,2141,1.0
35.683,1,5,movement,19.535,1.729,2141,1.0
35.683,1,6,movement,3.601,-13.809,2141,1.0
35.699,1,2,movement,33.365,1.588,2142,1.0
35.699,0,3,movement,23.873,0.765,2142,1.0
35.699,0,22,movement,21.643,5.155,2142,1.0
35.699,0,1,movement,11.247,2.966,2142,1.0
35.699,1,4,movement,19.61,6.225,2142,1.0
35.699,1,5,movement,19.182,1.638,2142,1.0
35.699,1,6,movement,3.677,-13.818,2142,1.0
35.716,1,2,movement,33.317,1.589,2143,1.0
35.716,0,3,movement,23.875,0.773,2143,1.0
35.716,0,22,movement,21.359,5.068,2143,1.0
35.716,0,1,movement,11.226,2.947,2143,1.0
35.716,1,4,movement,19.302,6.087,2143,1.0
35.716,0,5,movement,19.743,1.71,2143,1.0
35.716,1,6,movement,3.919,-13.832,2143,1.0
35.733,0,2,movement,33.295,1.591,2144,1.0
35.733,1,22,movement,21.527,5.116,2144,1.0
35.733,1,3,movement,23.711,0.736,2144,1.0
35.733,1,1,movement,11.094,2.929,2144,1.0
35.733,0,4,movement,19.156,6.044,2144,1.0
35.733,1,5,movement,20.235,1.721,2144,1.0
35.733,0,6,movement,3.449,-13.822,2144,1.0
35.733,0,17,movement,42.225,-17.678,2144,1.0
35.749,1,2,movement,33.249,1.584,2145,1.0
35.749,0,3,movement,23.857,0.766,2145,1.0
35.749,0,22,movement,21.313,5.059,2145,1.0
35.749,1,4,movement,19.168,6.036,2145,1.0
35.749,0,5,movement,20.425,1.699,2145,1.0
35.749,0,1,movement,10.921,2.898,2145,1.0
35.749,1,17,movement,42.383,-17.662,2145,1.0
35.766,1,2,movement,33.173,1.576,2146,1.0
35.766,0,22,movement,21.224,5.033,2146,1.0
35.766,0,3,movement,23.786,0.764,2146,1.0
35.766,1,4,movement,19.28,6.054,2146,1.0
35.766,0,1,movement,11.026,2.925,2146,1.0
35.766,0,5,movement,20.612,1.667,2146,1.0
35.766,1,6,movement,3.367,-13.845,2146,1.0
35.766,1,17,movement,42.177,-17.617,2146,1.0
35.783,1,2,movement,33.233,1.585,2147,1.0
35.783,0,22,movement,21.27,5.042,2147,1.0
35.783,0,3,movement,23.88,0.79,2147,1.0
35.783,0,1,movement,10.947,2.913,2147,1.0
35.783,0,5,movement,20.462,1.553,2147,1.0
35.783,1,4,movement,19.21,6.005,2147,1.0
35.783,1,17,movement,42.376,-17.673,2147,1.0
35.783,1,6,movement,3.332,-13.855,2147,1.0
35.799,0,2,movement,33.259,1.584,2148,1.0
35.799,1,22,movement,21.322,5.059,2148,1.0
35.799,1,3,movement,23.888,0.78,2148,1.0
35.799,0,4,movement,19.346,6.04,2148,1.0
35.799,1,1,movement,10.926,2.91,2148,1.0
35.799,1,5,movement,20.523,1.536,2148,1.0
35.799,0,17,movement,42.42,-17.659,2148,1.0
35.799,0,6,movement,5.126,-13.961,2148,1.0
35.799,0,7,movement,37.735,-18.67,2148,1.0
35.816,0,2,movement,33.315,1.591,2149,1.0
35.816,1,3,movement,23.823,0.764,2149,1.0
35.816,1,22,movement,21.269,5.036,2149,1.0
35.816,0,4,movement,19.779,6.145,2149,1.0
35.816,1,1,movement,10.759,2.882,2149,1.0
35.816,1,5,movement,20.616,1.498,2149,1.0
35.816,0,6,movement,5.053,-13.959,2149,1.0
35.816,0,17,movement,42.417,-17.698,2149,1.0
35.816,0,7,movement,37.931,-18.699,2149,1.0
35.833,1,2,movement,33.37,1.61,2150,1.0
35.833,0,22,movement,21.17,5.003,2150,1.0
35.833,0,3,movement,23.814,0.764,2150,1.0
35.833,0,1,movement,10.799,2.898,2150,1.0
35.833,0,5,movement,20.217,1.437,2150,1.0
35.833,1,17,movement,42.531,-17.63,2150,1.0
35.833,1,6,movement,5.005,-13.961,2150,1.0
35.833,1,28,movement,44.804,-19.046,2150,1.0
35.849,0,22,movement,21.188,4.998,2151,1.0
35.849,1,2,movement,33.368,1.617,2151,1.0
35.849,0,3,movement,23.861,0.78,2151,1.0
35.849,0,1,movement,11.0,2.971,2151,1.0
35.849,0,5,movement,20.445,1.464,2151,1.0
35.849,1,17,movement,42.484,-17.616,2151,1.0
35.849,1,28,movement,45.013,-19.058,2151,1.0
35.866,1,22,movement,21.262,5.015,2152,1.0
35.866,1,3,movement,23.847,0.782,2152,1.0
35.866,0,2,movement,33.36,1.618,2152,1.0
35.866,0,4,movement,19.973,6.153,2152,1.0
35.866,1,5,movement,20.145,1.355,2152,1.0
35.866,0,17,movement,42.402,-17.655,2152,1.0
35.866,0,6,movement,5.018,-13.973,2152,1.0
35.866,0,28,movement,45.44,-19.093,2152,1.0
35.883,0,22,movement,21.291,5.014,2153,1.0
35.883,1,2,movement,33.357,1.615,2153,1.0
35.883,0,3,movement,23.932,0.801,2153,1.0
35.883,0,1,movement,10.836,2.94,2153,1.0
35.883,0,5,movement,20.294,1.282,2153,1.0
35.883,1,6,movement,4.699,-13.991,2153,1.0
35.883,1,17,movement,42.262,-17.655,2153,1.0
35.883,1,28,movement,45.115,-19.033,2153,1.0
35.899,1,2,movement,33.347,1.615,2154,1.0
35.899,0,3,movement,23.953,0.802,2154,1.0
35.899,0,22,movement,21.242,4.995,2154,1.0
35.899,0,1,movement,10.778,2.932,2154,1.0
35.899,0,5,movement,20.032,1.192,2154,1.0
35.899,1,7,movement,37.894,-18.665,2154,1.0
35.899,1,17,movement,42.167,-17.58,2154,1.0
35.899,1,6,movement,4.719,-14.016,2154,1.0
35.916,1,2,movement,33.423,1.625,2155,1.0
35.916,0,22,movement,21.327,5.003,2155,1.0
35.916,0,3,movement,23.742,0.764,2155,1.0
35.916,1,4,movement,19.968,6.076,2155,1.0
35.916,0,5,movement,19.854,1.073,2155,1.0
35.916,1,6,movement,5.126,-14.037,2155,1.0
35.916,1,17,movement,42.294,-17.611,2155,1.0
35.916,1,7,movement,37.73,-18.642,2155,1.0
35.933,1,2,movement,33.361,1.617,2156,1.0
35.933,0,3,movement,23.779,0.775,2156,1.0
35.933,0,22,movement,21.378,5.032,2156,1.0
35.933,0,1,movement,10.871,2.985,2156,1.0
35.933,0,5,movement,19.695,0.963,2156,1.0
35.933,1,6,movement,4.744,-14.027,2156,1.0
35.933,1,17,movement,42.19,-17.567,2156,1.0
35.933,1,7,movement,37.574,-18.618,2156,1.0
35.949,1,2,movement,33.319,1.604,2157,1.0
35.949,0,3,movement,23.689,0.767,2157,1.0
35.949,0,22,movement,21.354,5.025,2157,1.0
35.949,0,1,movement,10.485,2.89,2157,1.0
35.949,0,5,movement,20.155,0.985,2157,1.0
35.949,1,6,movement,3.572,-13.981,2157,1.0
35.949,1,7,movement,37.515,-18.63,2157,1.0
35.949,1,17,movement,42.128,-17.544,2157,1.0
35.966,1,3,movement,23.722,0.775,2158,1.0
35.966,1,22,movement,21.359,5.002,2158,1.0
35.966,0,2,movement,33.326,1.6,2158,1.0
35.966,1,1,movement,10.341,2.846,2158,1.0
35.966,1,5,movement,20.034,0.938,2158,1.0
35.966,0,6,movement,3.713,-13.996,2158,1.0
35.966,0,17,movement,42.397,-17.575,2158,1.0
35.966,0,7,movement,37.569,-18.619,2158,1.0
35.983,1,22,movement,21.259,5.0,2159,1.0
35.983,1,3,movement,23.617,0.762,2159,1.0
35.983,0,2,movement,33.231,1.575,2159,1.0
35.983,0,4,movement,19.96,5.96,2159,1.0
35.983,0,5,movement,19.865,0.833,2159,1.0
35.983,0,6,movement,3.889,-14.016,2159,1.0
35.983,0,17,movement,42.446,-17.564,2159,1.0
35.983,0,7,movement,37.073,-18.57,2159,1.0
35.999,0,3,movement,23.71,0.774,2160,1.0
35.999,0,22,movement,21.332,5.019,2160,1.0
35.999,1,2,movement,33.438,1.608,2160,1.0
35.999,1,4,movement,20.18,5.995,2160,1.0
35.999,0,5,movement,19.761,0.739,2160,1.0
35.999,1,6,movement,4.602,-14.061,2160,1.0
35.999,1,7,movement,37.215,-18.572,2160,1.0
35.999,1,39,movement,44.434,-18.316,2160,1.0
36.016,0,22,movement,21.185,4.972,2161,1.0
36.016,0,3,movement,23.505,0.731,2161,1.0
36.016,1,2,movement,33.644,1.648,2161,1.0
36.016,0,1,movement,10.243,2.836,2161,1.0
36.016,0,5,movement,19.56,0.621,2161,1.0
36.016,1,6,movement,3.346,-13.998,2161,1.0
36.016,1,7,movement,37.417,-18.616,2161,1.0
36.033,0,3,movement,23.487,0.746,2162,1.0
36.033,0,22,movement,21.154,4.952,2162,1.0
36.033,0,4,movement,20.447,6.026,2162,1.0
36.033,1,2,movement,33.703,1.622,2162,1.0
36.033,1,6,movement,3.324,-14.015,2162,1.0
36.033,0,5,movement,19.714,0.585,2162,1.0
36.033,1,7,movement,37.445,-18.606,2162,1.0
36.049,1,3,movement,23.587,0.764,2163,1.0
36.049,1,22,movement,21.095,4.932,2163,1.0
36.049,1,4,movement,20.081,5.892,2163,1.0
36.049,0,2,movement,33.51,1.608,2163,1.0
36.049,1,5,movement,19.578,0.51,2163,1.0
36.049,0,7,movement,38.151,-18.668,2163,1.0
36.049,0,6,movement,3.548,-14.062,2163,1.0
36.049,0,17,movement,42.282,-17.607,2163,1.0
36.049,0,28,movement,45.318,-18.923,2163,1.0
36.049,0,39,movement,44.48,-18.261,2163,1.0
36.066,0,3,movement,23.506,0.762,2164,1.0
36.066,0,22,movement,21.104,4.932,2164,1.0
36.066,1,2,movement,33.262,1.55,2164,1.0
36.066,0,1,movement,10.549,2.977,2164,1.0
36.066,1,6,movement,3.477,-14.047,2164,1.0
36.066,1,7,movement,38.454,-18.692,2164,1.0
36.066,1,28,movement,45.382,-18.912,2164,1.0
36.066,1,17,movement,42.36,-17.621,2164,1.0
36.066,1,39,movement,44.309,-18.279,2164,1.0
36.083,0,3,movement,23.576,0.77,2165,1.0
36.083,1,2,movement,33.325,1.553,2165,1.0
36.083,0,1,movement,10.592,3.001,2165,1.0
36.083,0,22,movement,21.098,4.918,2165,1.0
36.083,1,7,movement,38.161,-18.674,2165,1.0
36.083,1,17,movement,42.452,-17.635,2165,1.0
36.083,1,6,movement,3.208,-14.036,2165,1.0
36.083,1,28,movement,44.898,-18.866,2165,1.0
36.083,1,39,movement,44.447,-18.248,2165,1.0
36.099,1,2,movement,33.331,1.548,2166,1.0
36.099,0,1,movement,10.555,3.004,2166,1.0
36.099,0,3,movement,23.521,0.742,2166,1.0
36.099,0,22,movement,21.008,4.886,2166,1.0
36.099,1,7,movement,38.013,-18.662,2166,1.0
36.099,1,6,movement,3.169,-14.043,2166,1.0
36.099,1,17,movement,42.561,-17.646,2166,1.0
36.099,1,28,movement,44.979,-18.849,2166,1.0
36.099,1,39,movement,44.439,-18.257,2166,1.0
36.116,1,4,movement,20.162,5.813,2167,1.0
36.116,1,2,movement,33.34,1.544,2167,1.0
36.116,0,3,movement,23.824,0.84,2167,1.0
36.116,0,22,movement,21.011,4.879,2167,1.0
36.116,1,7,movement,37.633,-18.628,2167,1.0
36.116,1,17,movement,42.562,-17.665,2167,1.0
36.116,1,28,movement,45.016,-18.869,2167,1.0
36.116,1,39,movement,44.445,-18.233,2167,1.0
36.133,1,2,movement,33.696,1.615,2168,1.0
36.133,1,4,movement,20.504,5.896,2168,1.0
36.133,0,3,movement,23.937,0.867,2168,1.0
36.133,0,22,movement,20.934,4.857,2168,1.0
36.133,1,7,movement,37.889,-18.645,2168,1.0
36.133,1,6,movement,3.753,-14.106,2168,1.0
36.133,1,28,movement,44.96,-18.89,2168,1.0
36.133,1,39,movement,44.417,-18.27,2168,1.0
36.133,1,17,movement,42.516,-17.719,2168,1.0
36.149,1,2,movement,33.734,1.612,2169,1.0
36.149,0,1,movement,11.373,3.364,2169,1.0
36.149,0,3,movement,24.046,0.916,2169,1.0
36.149,0,22,movement,20.809,4.803,2169,1.0
36.149,1,6,movement,4.276,-14.139,2169,1.0
36.149,1,7,movement,37.612,-18.637,2169,1.0
36.149,1,28,movement,44.942,-18.912,2169,1.0
36.149,1,17,movement,42.555,-17.707,2169,1.0
36.166,1,2,movement,33.647,1.59,2170,1.0
36.166,0,1,movement,11.579,3.44,2170,1.0
36.166,0,22,movement,20.49,4.714,2170,1.0
36.166,1,6,movement,4.083,-14.134,2170,1.0
36.166,0,3,movement,24.842,1.086,2170,1.0
36.166,1,7,movement,37.24,-18.595,2170,1.0
36.166,1,28,movement,44.866,-18.934,2170,1.0
36.166,1,17,movement,42.311,-17.691,2170,1.0
36.183,1,2,movement,33.545,1.569,2171,1.0
36.183,0,22,movement,20.721,4.784,2171,1.0
36.183,0,1,movement,11.884,3.567,2171,1.0
36.183,1,6,movement,4.648,-14.166,2171,1.0
36.183,0,5,movement,18.757,-0.092,2171,1.0
36.183,1,7,movement,37.281,-18.608,2171,1.0
36.183,1,28,movement,44.903,-18.957,2171,1.0
36.199,1,2,movement,33.415,1.513,2172,1.0
36.199,0,1,movement,12.03,3.612,2172,1.0
36.199,0,22,movement,20.529,4.715,2172,1.0
36.199,0,5,movement,19.211,-0.027,2172,1.0
36.199,1,6,movement,4.658,-14.162,2172,1.0
36.199,1,7,movement,36.844,-18.558,2172,1.0
36.216,0,1,movement,12.123,3.653,2173,1.0
36.216,1,2,movement,33.348,1.511,2173,1.0
36.216,0,5,movement,18.51,-0.201,2173,1.0
36.216,0,22,movement,20.825,4.803,2173,1.0
36.216,1,6,movement,4.941,-14.192,2173,1.0
36.216,1,7,movement,36.88,-18.548,2173,1.0
36.233,1,1,movement,12.194,3.714,2174,1.0
36.233,1,3,movement,25.065,1.173,2174,1.0
36.233,0,2,movement,33.46,1.508,2174,1.0
36.233,1,22,movement,20.303,4.645,2174,1.0
36.233,0,6,movement,4.966,-14.21,2174,1.0
36.233,1,4,movement,21.209,5.961,2174,1.0
36.233,0,7,movement,36.899,-18.564,2174,1.0
36.249,1,1,movement,12.09,3.682,2175,1.0
36.249,1,3,movement,24.871,1.078,2175,1.0
36.249,0,2,movement,33.419,1.518,2175,1.0
36.249,1,22,movement,20.412,4.682,2175,1.0
36.249,0,6,movement,4.507,-14.178,2175,1.0
36.249,1,4,movement,21.191,5.926,2175,1.0
36.249,0,7,movement,36.86,-18.555,2175,1.0
36.266,1,1,movement,12.065,3.683,2176,1.0
36.266,1,3,movement,24.846,1.08,2176,1.0
36.266,0,2,movement,33.387,1.502,2176,1.0
36.266,1,22,movement,20.366,4.673,2176,1.0
36.266,0,6,movement,4.833,-14.208,2176,1.0
36.266,1,4,movement,21.243,5.892,2176,1.0
36.266,0,7,movement,36.985,-18.567,2176,1.0
36.283,1,1,movement,11.759,3.575,2177,1.0
36.283,1,3,movement,24.706,1.052,2177,1.0
36.283,0,2,movement,33.744,1.57,2177,1.0
36.283,0,6,movement,4.651,-14.199,2177,1.0
36.283,1,22,movement,20.48,4.693,2177,1.0
36.283,1,5,movement,21.505,-0.039,2177,1.0
36.283,1,4,movement,21.108,5.84,2177,1.0
36.283,0,7,movement,37.008,-18.569,2177,1.0
36.299,1,1,movement,11.568,3.527,2178,1.0
36.299,1,3,movement,24.503,1.004,2178,1.0
36.299,0,2,movement,33.561,1.522,2178,1.0
36.299,1,22,movement,20.292,4.633,2178,1.0
36.299,0,6,movement,4.722,-14.215,2178,1.0
36.299,0,4,movement,19.378,5.309,2178,1.0
36.299,0,7,movement,37.036,-18.572,2178,1.0
36.316,1,1,movement,11.61,3.565,2179,1.0
36.316,1,3,movement,23.781,0.842,2179,1.0
36.316,0,2,movement,33.414,1.49,2179,1.0
36.316,1,22,movement,19.867,4.504,2179,1.0
36.316,0,4,movement,20.189,5.522,2179,1.0
36.316,0,6,movement,4.833,-14.223,2179,1.0
36.316,0,7,movement,37.089,-18.579,2179,1.0
36.333,1,1,movement,11.475,3.547,2180,1.0
36.333,0,2,movement,33.653,1.506,2180,1.0
36.333,1,22,movement,20.393,4.646,2180,1.0
36.333,1,3,movement,23.919,0.859,2180,1.0
36.333,0,4,movement,20.099,5.453,2180,1.0
36.333,0,6,movement,4.81,-14.234,2180,1.0
36.333,0,5,movement,20.985,-0.321,2180,1.0
36.333,0,7,movement,37.172,-18.589,2180,1.0
36.349,0,2,movement,33.823,1.528,2181,1.0
36.349,1,22,movement,20.565,4.695,2181,1.0
36.349,1,3,movement,23.704,0.816,2181,1.0
36.349,1,5,movement,21.47,-0.297,2181,1.0
36.349,0,4,movement,19.259,5.178,2181,1.0
36.349,0,6,movement,4.603,-14.235,2181,1.0
36.349,1,1,movement,10.02,3.068,2181,1.0
36.349,0,7,movement,36.984,-18.571,2181,1.0
36.366,1,1,movement,11.231,3.455,2182,1.0
36.366,1,22,movement,20.761,4.747,2182,1.0
36.366,0,2,movement,33.844,1.529,2182,1.0
36.366,1,3,movement,23.689,0.817,2182,1.0
36.366,0,6,movement,4.611,-14.239,2182,1.0
36.366,0,4,movement,19.957,5.363,2182,1.0
36.366,0,7,movement,37.108,-18.576,2182,1.0
36.383,0,22,movement,20.763,4.737,2183,1.0
36.383,0,1,movement,11.303,3.51,2183,1.0
36.383,0,3,movement,23.698,0.828,2183,1.0
36.383,1,2,movement,33.962,1.536,2183,1.0
36.383,1,4,movement,18.923,5.038,2183,1.0
36.383,1,6,movement,4.525,-14.241,2183,1.0
36.383,1,7,movement,36.906,-18.552,2183,1.0
36.399,1,22,movement,20.801,4.741,2184,1.0
36.399,1,3,movement,23.537,0.795,2184,1.0
36.399,1,1,movement,11.421,3.547,2184,1.0
36.399,0,5,movement,20.655,-0.626,2184,1.0
36.399,0,6,movement,3.93,-14.223,2184,1.0
36.399,0,4,movement,19.493,5.177,2184,1.0
36.416,0,22,movement,20.612,4.69,2185,1.0
36.416,1,5,movement,20.137,-0.769,2185,1.0
36.416,0,3,movement,23.293,0.743,2185,1.0
36.416,1,6,movement,3.738,-14.205,2185,1.0
36.416,1,4,movement,19.496,5.15,2185,1.0
36.416,0,1,movement,9.792,3.04,2185,1.0
36.433,0,22,movement,20.651,4.687,2186,1.0
36.433,0,3,movement,23.338,0.76,2186,1.0
36.433,0,5,movement,20.003,-0.85,2186,1.0
36.433,1,6,movement,3.406,-14.192,2186,1.0
36.433,1,4,movement,19.086,4.997,2186,1.0
36.433,0,1,movement,9.591,3.008,2186,1.0
36.433,1,7,movement,37.08,-18.57,2186,1.0
36.449,1,22,movement,20.726,4.707,2187,1.0
36.449,1,3,movement,23.264,0.759,2187,1.0
36.449,0,6,movement,3.683,-14.207,2187,1.0
36.449,0,2,movement,34.16,1.535,2187,1.0
36.449,0,4,movement,19.157,5.004,2187,1.0
36.449,1,5,movement,18.077,-1.199,2187,1.0
36.449,1,1,movement,9.715,3.054,2187,1.0
36.449,0,7,movement,36.969,-18.556,2187,1.0
36.466,0,22,movement,20.997,4.764,2188,1.0
36.466,1,2,movement,34.256,1.53,2188,1.0
36.466,0,3,movement,23.167,0.745,2188,1.0
36.466,1,6,movement,3.776,-14.226,2188,1.0
36.466,1,4,movement,19.356,5.006,2188,1.0
36.466,0,5,movement,17.316,-1.364,2188,1.0
36.466,0,1,movement,11.503,3.626,2188,1.0
36.466,1,7,movement,36.779,-18.534,2188,1.0
36.483,1,2,movement,34.406,1.554,2189,1.0
36.483,0,22,movement,20.986,4.759,2189,1.0
36.483,0,3,movement,22.954,0.695,2189,1.0
36.483,1,6,movement,3.527,-14.216,2189,1.0
36.483,1,4,movement,19.359,4.974,2189,1.0
36.483,0,5,movement,18.551,-1.225,2189,1.0
36.483,0,1,movement,9.556,3.044,2189,1.0
36.483,1,7,movement,37.257,-18.579,2189,1.0
36.499,1,3,movement,22.862,0.676,2190,1.0
36.499,0,5,movement,19.245,-1.201,2190,1.0
36.499,0,4,movement,19.38,4.966,2190,1.0
36.499,1,22,movement,20.657,4.653,2190,1.0
36.499,0,6,movement,4.124,-14.258,2190,1.0
36.499,1,1,movement,9.586,3.045,2190,1.0
36.499,0,7,movement,37.073,-18.567,2190,1.0
36.516,0,3,movement,22.854,0.673,2191,1.0
36.516,1,2,movement,34.251,1.53,2191,1.0
36.516,0,22,movement,20.755,4.681,2191,1.0
36.516,1,4,movement,19.409,4.913,2191,1.0
36.516,1,6,movement,4.025,-14.255,2191,1.0
36.516,0,5,movement,18.096,-1.484,2191,1.0
36.516,0,1,movement,9.528,3.045,2191,1.0
36.516,1,7,movement,37.041,-18.554,2191,1.0
36.533,1,3,movement,22.703,0.637,2192,1.0
36.533,0,5,movement,19.565,-1.348,2192,1.0
36.533,0,4,movement,19.344,4.855,2192,1.0
36.533,1,22,movement,20.67,4.641,2192,1.0
36.533,0,6,movement,3.167,-14.226,2192,1.0
36.533,1,1,movement,9.483,3.046,2192,1.0
36.549,1,3,movement,22.581,0.597,2193,1.0
36.549,1,5,movement,20.781,-1.146,2193,1.0
36.549,0,4,movement,19.297,4.803,2193,1.0
36.549,1,22,movement,20.715,4.648,2193,1.0
36.549,0,6,movement,3.497,-14.235,2193,1.0
36.549,1,1,movement,9.485,3.059,2193,1.0
36.566,0,3,movement,22.702,0.616,2194,1.0
36.566,0,5,movement,20.88,-1.225,2194,1.0
36.566,0,22,movement,20.922,4.693,2194,1.0
36.566,1,4,movement,19.494,4.823,2194,1.0
36.566,0,1,movement,10.418,3.364,2194,1.0
36.566,1,6,movement,3.199,-14.227,2194,1.0
36.583,0,3,movement,22.81,0.635,2195,1.0
36.583,1,2,movement,33.769,1.409,2195,1.0
36.583,0,22,movement,21.075,4.733,2195,1.0
36.583,1,4,movement,19.357,4.777,2195,1.0
36.583,0,1,movement,11.432,3.697,2195,1.0
36.583,1,6,movement,3.65,-14.252,2195,1.0
36.583,1,7,movement,37.138,-18.587,2195,1.0
36.599,0,3,movement,22.748,0.609,2196,1.0
36.599,1,2,movement,33.551,1.366,2196,1.0
36.599,0,22,movement,20.897,4.685,2196,1.0
36.599,1,4,movement,19.235,4.73,2196,1.0
36.599,1,6,movement,3.417,-14.256,2196,1.0
36.599,0,1,movement,11.128,3.614,2196,1.0
36.599,1,7,movement,37.178,-18.588,2196,1.0
36.616,0,3,movement,22.729,0.598,2197,1.0
36.616,1,2,movement,33.483,1.354,2197,1.0
36.616,0,22,movement,20.834,4.644,2197,1.0
36.616,1,4,movement,19.915,4.888,2197,1.0
36.616,1,6,movement,4.162,-14.285,2197,1.0
36.616,0,1,movement,11.277,3.675,2197,1.0
36.616,1,28,movement,45.28,-19.001,2197,1.0
36.633,1,3,movement,22.86,0.623,2198,1.0
36.633,1,22,movement,20.745,4.606,2198,1.0
36.633,0,4,movement,20.197,4.965,2198,1.0
36.633,0,2,movement,33.295,1.328,2198,1.0
36.633,1,1,movement,10.858,3.527,2198,1.0
36.633,0,6,movement,3.273,-14.255,2198,1.0
36.633,0,5,movement,19.206,-1.769,2198,1.0
36.633,0,7,movement,37.561,-18.628,2198,1.0
36.633,0,28,movement,45.221,-18.944,2198,1.0
36.649,1,3,movement,22.927,0.633,2199,1.0
36.649,1,22,movement,20.923,4.65,2199,1.0
36.649,1,1,movement,11.166,3.664,2199,1.0
36.649,0,2,movement,33.315,1.342,2199,1.0
36.649,0,6,movement,3.579,-14.268,2199,1.0
36.649,1,5,movement,19.778,-1.718,2199,1.0
36.649,0,4,movement,19.469,4.732,2199,1.0
36.649,0,7,movement,37.666,-18.63,2199,1.0
36.649,0,28,movement,45.471,-18.976,2199,1.0
36.666,1,3,movement,22.898,0.616,2200,1.0
36.666,1,22,movement,20.608,4.538,2200,1.0
36.666,0,2,movement,33.37,1.348,2200,1.0
36.666,0,6,movement,3.54,-14.28,2200,1.0
36.666,1,1,movement,11.108,3.66,2200,1.0
36.666,1,5,movement,18.838,-1.947,2200,1.0
36.666,0,7,movement,37.717,-18.615,2200,1.0
36.666,0,39,movement,43.621,-18.091,2200,1.0
36.683,0,5,movement,19.874,-1.853,2201,1.0
36.683,0,22,movement,21.412,4.741,2201,1.0
36.683,0,3,movement,22.729,0.583,2201,1.0
36.683,0,1,movement,11.261,3.731,2201,1.0
36.683,1,2,movement,33.366,1.325,2201,1.0
36.683,1,4,movement,20.813,5.046,2201,1.0
36.683,1,6,movement,3.696,-14.279,2201,1.0
36.683,1,7,movement,37.726,-18.633,2201,1.0
36.683,1,39,movement,43.13,-18.037,2201,1.0
36.699,0,3,movement,22.693,0.572,2202,1.0
36.699,0,22,movement,20.829,4.565,2202,1.0
36.699,1,2,movement,33.397,1.336,2202,1.0
36.699,0,1,movement,11.243,3.738,2202,1.0
36.699,1,4,movement,20.861,5.047,2202,1.0
36.699,1,6,movement,3.388,-14.276,2202,1.0
36.699,1,7,movement,37.858,-18.648,2202,1.0
36.699,0,5,movement,19.624,-1.958,2202,1.0
36.699,1,39,movement,42.997,-18.005,2202,1.0
36.716,1,3,movement,22.652,0.555,2203,1.0
36.716,0,2,movement,33.343,1.317,2203,1.0
36.716,1,22,movement,20.942,4.577,2203,1.0
36.716,0,4,movement,20.741,4.986,2203,1.0
36.716,0,6,movement,3.209,-14.271,2203,1.0
36.716,0,5,movement,19.243,-2.13,2203,1.0
36.716,1,1,movement,9.419,3.148,2203,1.0
36.716,0,7,movement,37.909,-18.652,2203,1.0
36.716,0,28,movement,45.061,-18.928,2203,1.0
36.716,0,39,movement,42.969,-18.027,2203,1.0
36.733,1,3,movement,22.704,0.556,2204,1.0
36.733,0,2,movement,33.518,1.324,2204,1.0
36.733,1,22,movement,21.243,4.637,2204,1.0
36.733,0,4,movement,20.565,4.912,2204,1.0
36.733,1,1,movement,9.374,3.146,2204,1.0
36.733,0,7,movement,37.948,-18.674,2204,1.0
36.733,0,6,movement,2.76,-14.237,2204,1.0
36.733,0,5,movement,19.482,-2.164,2204,1.0
36.733,0,28,movement,44.958,-18.948,2204,1.0
36.733,0,39,movement,42.778,-18.009,2204,1.0
36.749,1,3,movement,22.671,0.551,2205,1.0
36.749,0,2,movement,33.422,1.306,2205,1.0
36.749,1,1,movement,9.362,3.147,2205,1.0
36.749,0,6,movement,2.636,-14.23,2205,1.0
36.749,1,22,movement,18.951,4.018,2205,1.0
36.749,0,5,movement,19.89,-2.198,2205,1.0
36.749,0,7,movement,38.272,-18.684,2205,1.0
36.749,0,39,movement,42.788,-18.02,2205,1.0
36.749,0,28,movement,44.934,-18.885,2205,1.0
36.766,0,1,movement,9.259,3.139,2206,1.0
36.766,0,3,movement,22.665,0.538,2206,1.0
36.766,1,2,movement,33.337,1.275,2206,1.0
36.766,0,22,movement,20.761,4.492,2206,1.0
36.766,1,6,movement,2.568,-14.235,2206,1.0
36.766,1,5,movement,18.591,-2.394,2206,1.0
36.766,1,28,movement,44.859,-18.865,2206,1.0
36.766,1,7,movement,38.355,-18.684,2206,1.0
36.766,1,39,movement,42.909,-18.029,2206,1.0
36.783,1,1,movement,9.189,3.129,2207,1.0
36.783,1,3,movement,22.666,0.533,2207,1.0
36.783,0,2,movement,33.482,1.289,2207,1.0
36.783,0,4,movement,19.779,4.584,2207,1.0
36.783,0,6,movement,2.442,-14.237,2207,1.0
36.783,0,7,movement,38.469,-18.71,2207,1.0
36.783,0,5,movement,18.619,-2.455,2207,1.0
36.783,0,28,movement,44.571,-18.861,2207,1.0
36.783,0,39,movement,42.674,-17.979,2207,1.0
36.799,1,3,movement,22.657,0.529,2208,1.0
36.799,0,2,movement,33.243,1.236,2208,1.0
36.799,1,1,movement,9.114,3.119,2208,1.0
36.799,0,22,movement,19.65,4.196,2208,1.0
36.799,0,5,movement,18.57,-2.517,2208,1.0
36.799,0,7,movement,38.581,-18.72,2208,1.0
36.799,0,6,movement,2.741,-14.264,2208,1.0
36.799,0,28,movement,44.434,-18.873,2208,1.0
36.799,0,39,movement,42.769,-17.997,2208,1.0
36.816,1,1,movement,9.045,3.112,2209,1.0
36.816,1,3,movement,22.612,0.522,2209,1.0
36.816,0,2,movement,33.319,1.237,2209,1.0
36.816,0,22,movement,19.363,4.139,2209,1.0
36.816,0,7,movement,38.523,-18.716,2209,1.0
36.816,0,5,movement,18.848,-2.54,2209,1.0
36.816,0,6,movement,2.855,-14.286,2209,1.0
36.816,0,28,movement,44.662,-18.894,2209,1.0
36.816,0,39,movement,42.864,-18.022,2209,1.0
36.833,1,3,movement,22.709,0.522,2210,1.0
36.833,1,1,movement,8.993,3.102,2210,1.0
36.833,0,2,movement,33.182,1.219,2210,1.0
36.833,1,22,movement,20.966,4.523,2210,1.0
36.833,0,6,movement,2.874,-14.293,2210,1.0
36.833,0,7,movement,38.523,-18.701,2210,1.0
36.833,0,5,movement,19.866,-2.447,2210,1.0
36.833,0,39,movement,42.726,-17.989,2210,1.0
36.849,0,3,movement,22.808,0.546,2211,1.0
36.849,1,2,movement,33.163,1.219,2211,1.0
36.849,0,22,movement,21.235,4.623,2211,1.0
36.849,0,1,movement,9.029,3.131,2211,1.0
36.849,1,6,movement,3.739,-14.345,2211,1.0
36.849,1,7,movement,38.322,-18.683,2211,1.0
36.849,0,5,movement,20.902,-2.356,2211,1.0
36.849,1,39,movement,42.769,-18.036,2211,1.0
36.866,0,3,movement,22.849,0.543,2212,1.0
36.866,1,2,movement,33.241,1.236,2212,1.0
36.866,1,4,movement,19.227,4.354,2212,1.0
36.866,0,1,movement,8.937,3.119,2212,1.0
36.866,1,6,movement,3.878,-14.362,2212,1.0
36.866,1,7,movement,38.548,-18.685,2212,1.0
36.866,0,5,movement,20.894,-2.399,2212,1.0
36.866,1,39,movement,42.961,-18.052,2212,1.0
36.883,1,3,movement,22.681,0.513,2213,1.0
36.883,0,4,movement,19.128,4.277,2213,1.0
36.883,0,2,movement,33.318,1.24,2213,1.0
36.883,1,1,movement,8.898,3.132,2213,1.0
36.883,0,6,movement,3.706,-14.357,2213,1.0
36.883,0,7,movement,38.529,-18.67,2213,1.0
36.883,0,5,movement,19.237,-2.697,2213,1.0
36.883,0,39,movement,42.707,-18.015,2213,1.0
36.899,1,1,movement,8.902,3.145,2214,1.0
36.899,1,3,movement,22.76,0.5,2214,1.0
36.899,0,4,movement,19.12,4.268,2214,1.0
36.899,0,2,movement,33.239,1.241,2214,1.0
36.899,0,5,movement,18.554,-2.861,2214,1.0
36.899,0,7,movement,38.717,-18.694,2214,1.0
36.899,0,39,movement,43.16,-18.047,2214,1.0
36.916,1,3,movement,22.834,0.521,2215,1.0
36.916,0,2,movement,33.406,1.25,2215,1.0
36.916,1,1,movement,8.943,3.176,2215,1.0
36.916,0,4,movement,19.203,4.268,2215,1.0
36.916,0,6,movement,2.082,-14.26,2215,1.0
36.916,0,5,movement,17.737,-3.062,2215,1.0
36.916,0,7,movement,38.586,-18.691,2215,1.0
36.916,0,28,movement,44.789,-18.906,2215,1.0
36.916,0,39,movement,42.939,-18.025,2215,1.0
36.933,0,4,movement,19.222,4.237,2216,1.0
36.933,1,3,movement,22.799,0.522,2216,1.0
36.933,0,2,movement,33.846,1.296,2216,1.0
36.933,0,5,movement,18.456,-3.029,2216,1.0
36.933,0,6,movement,2.084,-14.257,2216,1.0
36.933,0,7,movement,38.529,-18.674,2216,1.0
36.933,1,1,movement,8.85,3.147,2216,1.0
36.933,0,197,movement,45.199,-17.327,2216,1.0
36.933,0,39,movement,42.821,-18.026,2216,1.0
36.949,0,3,movement,22.687,0.491,2217,1.0
36.949,1,2,movement,33.697,1.277,2217,1.0
36.949,1,4,movement,19.289,4.215,2217,1.0
36.949,0,1,movement,8.742,3.156,2217,1.0
36.949,1,5,movement,18.286,-3.123,2217,1.0
36.949,1,6,movement,2.093,-14.269,2217,1.0
36.949,1,197,movement,43.817,-17.247,2217,1.0
36.949,1,28,movement,44.728,-18.952,2217,1.0
36.949,1,39,movement,43.08,-18.0,2217,1.0
36.966,0,3,movement,22.738,0.481,2218,1.0
36.966,1,2,movement,33.455,1.241,2218,1.0
36.966,1,5,movement,18.35,-3.178,2218,1.0
36.966,0,1,movement,8.708,3.169,2218,1.0
36.966,1,4,movement,19.302,4.161,2218,1.0
36.966,1,6,movement,1.869,-14.271,2218,1.0
36.966,1,197,movement,43.881,-17.252,2218,1.0
36.966,1,28,movement,44.811,-18.922,2218,1.0
36.966,1,39,movement,43.124,-18.016,2218,1.0
36.983,1,3,movement,22.684,0.47,2219,1.0
36.983,0,2,movement,33.334,1.223,2219,1.0
36.983,1,1,movement,8.685,3.172,2219,1.0
36.983,0,4,movement,19.539,4.186,2219,1.0
36.983,0,5,movement,17.967,-3.274,2219,1.0
36.983,0,6,movement,2.0,-14.278,2219,1.0
36.983,0,197,movement,45.225,-17.325,2219,1.0
36.983,0,39,movement,43.028,-18.001,2219,1.0
36.983,0,28,movement,44.928,-18.924,2219,1.0
36.999,1,3,movement,22.678,0.462,2220,1.0
36.999,0,2,movement,33.268,1.209,2220,1.0
36.999,1,1,movement,8.638,3.17,2220,1.0
36.999,0,4,movement,19.646,4.153,2220,1.0
36.999,0,5,movement,18.018,-3.339,2220,1.0
36.999,0,6,movement,2.002,-14.286,2220,1.0
36.999,0,197,movement,43.627,-17.246,2220,1.0
36.999,0,28,movement,44.533,-18.929,2220,1.0
36.999,0,39,movement,42.946,-18.002,2220,1.0
37.016,1,3,movement,22.538,0.429,2221,1.0
37.016,1,1,movement,8.497,3.128,2221,1.0
37.016,0,4,movement,19.075,3.985,2221,1.0
37.016,0,2,movement,33.045,1.18,2221,1.0
37.016,0,5,movement,17.927,-3.407,2221,1.0
37.016,0,6,movement,2.104,-14.292,2221,1.0
37.016,0,7,movement,38.828,-18.747,2221,1.0
37.016,0,197,movement,43.133,-17.177,2221,1.0
37.033,1,3,movement,22.501,0.407,2222,1.0
37.033,0,4,movement,18.737,3.854,2222,1.0
37.033,0,2,movement,33.312,1.211,2222,1.0
37.033,0,6,movement,2.434,-14.315,2222,1.0
37.033,1,1,movement,8.524,3.142,2222,1.0
37.033,0,5,movement,17.721,-3.46,2222,1.0
37.033,0,7,movement,38.871,-18.739,2222,1.0
37.033,0,197,movement,43.221,-17.158,2222,1.0
37.033,0,28,movement,44.986,-18.911,2222,1.0
37.049,1,3,movement,22.64,0.431,2223,1.0
37.049,0,2,movement,33.233,1.192,2223,1.0
37.049,1,1,movement,8.444,3.164,2223,1.0
37.049,0,22,movement,20.274,4.317,2223,1.0
37.049,0,6,movement,2.547,-14.338,2223,1.0
37.049,1,5,movement,20.023,-3.283,2223,1.0
37.049,0,7,movement,38.7,-18.726,2223,1.0
37.049,0,197,movement,43.266,-17.129,2223,1.0
37.049,0,28,movement,44.657,-18.908,2223,1.0
37.066,0,3,movement,22.763,0.452,2224,1.0
37.066,0,1,movement,8.411,3.189,2224,1.0
37.066,0,22,movement,20.995,4.615,2224,1.0
37.066,1,2,movement,33.158,1.175,2224,1.0
37.066,1,6,movement,2.56,-14.351,2224,1.0
37.066,0,5,movement,20.405,-3.303,2224,1.0
37.066,1,197,movement,43.306,-17.138,2224,1.0
37.066,1,7,movement,38.657,-18.684,2224,1.0
37.083,1,3,movement,23.143,0.531,2225,1.0
37.083,1,1,movement,8.38,3.204,2225,1.0
37.083,1,22,movement,21.027,4.652,2225,1.0
37.083,0,2,movement,33.155,1.162,2225,1.0
37.083,1,5,movement,20.638,-3.291,2225,1.0
37.083,0,6,movement,2.491,-14.356,2225,1.0
37.083,0,197,movement,43.378,-17.136,2225,1.0
37.083,0,7,movement,38.784,-18.724,2225,1.0
37.083,0,39,movement,43.104,-18.034,2225,1.0
37.099,0,4,movement,19.096,3.853,2226,1.0
37.099,1,3,movement,22.804,0.451,2226,1.0
37.099,1,1,movement,8.34,3.194,2226,1.0
37.099,0,2,movement,33.129,1.184,2226,1.0
37.099,0,6,movement,3.063,-14.4,2226,1.0
37.099,1,5,movement,20.872,-3.29,2226,1.0
37.099,0,197,movement,44.353,-17.201,2226,1.0
37.099,0,7,movement,38.479,-18.683,2226,1.0
37.099,0,39,movement,42.998,-18.008,2226,1.0
37.116,0,1,movement,8.28,3.202,2227,1.0
37.116,1,4,movement,19.698,4.014,2227,1.0
37.116,0,3,movement,22.432,0.375,2227,1.0
37.116,1,2,movement,33.103,1.154,2227,1.0
37.116,0,5,movement,20.253,-3.464,2227,1.0
37.116,1,197,movement,44.016,-17.171,2227,1.0
37.116,1,6,movement,3.55,-14.434,2227,1.0
37.116,1,39,movement,43.137,-18.025,2227,1.0
37.116,1,28,movement,44.837,-18.937,2227,1.0
37.133,1,4,movement,19.55,3.941,2228,1.0
37.133,0,3,movement,22.332,0.359,2228,1.0
37.133,0,1,movement,8.244,3.194,2228,1.0
37.133,1,2,movement,33.023,1.132,2228,1.0
37.133,1,6,movement,2.881,-14.412,2228,1.0
37.133,1,197,movement,44.009,-17.163,2228,1.0
37.133,1,39,movement,43.135,-18.049,2228,1.0
37.133,1,28,movement,45.032,-18.942,2228,1.0
37.149,1,3,movement,22.264,0.34,2229,1.0
37.149,1,1,movement,8.172,3.196,2229,1.0
37.149,1,22,movement,20.375,4.516,2229,1.0
37.149,0,2,movement,33.064,1.15,2229,1.0
37.149,1,5,movement,17.82,-3.886,2229,1.0
37.149,0,6,movement,2.619,-14.41,2229,1.0
37.149,0,197,movement,44.188,-17.178,2229,1.0
37.149,0,7,movement,38.98,-18.73,2229,1.0
37.149,0,39,movement,43.316,-18.094,2229,1.0
37.166,0,1,movement,8.118,3.226,2230,1.0
37.166,0,3,movement,22.209,0.331,2230,1.0
37.166,1,2,movement,33.11,1.167,2230,1.0
37.166,0,22,movement,20.452,4.533,2230,1.0
37.166,0,5,movement,17.851,-3.936,2230,1.0
37.166,1,6,movement,2.647,-14.429,2230,1.0
37.166,1,197,movement,44.006,-17.144,2230,1.0
37.166,1,7,movement,38.756,-18.706,2230,1.0
37.166,1,39,movement,43.244,-18.048,2230,1.0
37.183,0,1,movement,8.015,3.203,2231,1.0
37.183,0,3,movement,22.181,0.307,2231,1.0
37.183,0,22,movement,20.376,4.531,2231,1.0
37.183,1,2,movement,33.09,1.176,2231,1.0
37.183,0,5,movement,17.884,-3.953,2231,1.0
37.183,1,197,movement,43.77,-17.135,2231,1.0
37.183,1,6,movement,3.588,-14.481,2231,1.0
37.183,1,39,movement,43.409,-18.061,2231,1.0
37.199,1,1,movement,7.892,3.177,2232,1.0
37.199,0,4,movement,19.564,3.859,2232,1.0
37.199,1,3,movement,22.148,0.301,2232,1.0
37.199,0,2,movement,33.038,1.166,2232,1.0
37.199,1,5,movement,17.897,-4.004,2232,1.0
37.199,0,6,movement,3.39,-14.48,2232,1.0
37.199,0,197,movement,43.648,-17.126,2232,1.0
37.199,0,39,movement,43.517,-18.071,2232,1.0
37.199,0,28,movement,44.994,-18.984,2232,1.0
37.216,0,4,movement,19.444,3.802,2233,1.0
37.216,1,1,movement,8.043,3.242,2233,1.0
37.216,1,3,movement,22.133,0.294,2233,1.0
37.216,0,2,movement,32.953,1.147,2233,1.0
37.216,1,5,movement,17.667,-4.107,2233,1.0
37.216,0,197,movement,43.742,-17.124,2233,1.0
37.216,0,6,movement,3.279,-14.47,2233,1.0
37.216,0,39,movement,43.115,-18.017,2233,1.0
37.233,0,1,movement,7.844,3.184,2234,1.0
37.233,1,4,movement,19.354,3.751,2234,1.0
37.233,0,3,movement,22.084,0.277,2234,1.0
37.233,1,2,movement,32.975,1.138,2234,1.0
37.233,0,5,movement,17.39,-4.198,2234,1.0
37.233,1,197,movement,43.721,-17.126,2234,1.0
37.233,1,39,movement,43.386,-18.026,2234,1.0
37.233,1,6,movement,3.457,-14.493,2234,1.0
37.249,0,1,movement,7.827,3.211,2235,1.0
37.249,0,3,movement,22.054,0.271,2235,1.0
37.249,1,4,movement,19.315,3.726,2235,1.0
37.249,1,2,movement,33.035,1.139,2235,1.0
37.249,0,5,movement,17.587,-4.213,2235,1.0
37.249,1,197,movement,43.549,-17.115,2235,1.0
37.249,1,6,movement,2.505,-14.44,2235,1.0
37.249,1,39,movement,43.473,-18.024,2235,1.0
37.266,1,1,movement,7.684,3.188,2236,1.0
37.266,1,3,movement,22.205,0.298,2236,1.0
37.266,0,4,movement,19.197,3.669,2236,1.0
37.266,0,2,movement,32.965,1.127,2236,1.0
37.266,1,22,movement,19.531,4.35,2236,1.0
37.266,1,5,movement,17.565,-4.268,2236,1.0
37.266,0,6,movement,2.319,-14.424,2236,1.0
37.266,0,197,movement,44.092,-17.127,2236,1.0
37.266,0,39,movement,43.179,-18.008,2236,1.0
37.283,0,1,movement,7.724,3.22,2237,1.0
37.283,0,3,movement,22.247,0.305,2237,1.0
37.283,1,4,movement,19.321,3.672,2237,1.0
37.283,0,22,movement,19.574,4.351,2237,1.0
37.283,1,2,movement,32.965,1.128,2237,1.0
37.283,0,5,movement,17.547,-4.341,2237,1.0
37.283,1,197,movement,43.71,-17.091,2237,1.0
37.283,1,6,movement,2.436,-14.45,2237,1.0
37.283,1,39,movement,42.994,-17.986,2237,1.0
37.299,0,3,movement,22.253,0.307,2238,1.0
37.299,1,4,movement,19.214,3.615,2238,1.0
37.299,0,1,movement,7.655,3.217,2238,1.0
37.299,0,22,movement,19.591,4.386,2238,1.0
37.299,1,2,movement,32.921,1.122,2238,1.0
37.299,0,5,movement,17.326,-4.406,2238,1.0
37.299,1,197,movement,44.754,-17.146,2238,1.0
37.299,1,6,movement,2.17,-14.418,2238,1.0
37.299,1,39,movement,43.026,-17.994,2238,1.0
37.299,1,28,movement,45.162,-18.96,2238,1.0
37.316,1,4,movement,19.364,3.626,2239,1.0
37.316,0,3,movement,22.204,0.296,2239,1.0
37.316,0,1,movement,7.72,3.248,2239,1.0
37.316,0,22,movement,19.484,4.367,2239,1.0
37.316,1,2,movement,32.967,1.133,2239,1.0
37.316,1,197,movement,45.46,-17.183,2239,1.0
37.316,0,5,movement,17.181,-4.49,2239,1.0
37.316,1,6,movement,2.383,-14.438,2239,1.0
37.316,1,39,movement,42.912,-17.993,2239,1.0
37.316,1,28,movement,45.32,-18.993,2239,1.0
37.333,0,1,movement,7.724,3.263,2240,1.0
37.333,0,3,movement,22.263,0.3,2240,1.0
37.333,1,4,movement,19.322,3.595,2240,1.0
37.333,0,22,movement,19.439,4.354,2240,1.0
37.333,1,2,movement,33.062,1.15,2240,1.0
37.333,1,5,movement,17.441,-4.486,2240,1.0
37.333,1,197,movement,44.297,-17.104,2240,1.0
37.333,1,39,movement,43.078,-18.002,2240,1.0
37.333,1,6,movement,2.266,-14.43,2240,1.0
37.349,0,3,movement,22.233,0.276,2241,1.0
37.349,0,1,movement,7.473,3.2,2241,1.0
37.349,1,4,movement,19.492,3.613,2241,1.0
37.349,0,22,movement,19.565,4.391,2241,1.0
37.349,1,2,movement,32.997,1.128,2241,1.0
37.349,1,5,movement,17.292,-4.584,2241,1.0
37.349,1,197,movement,45.715,-17.197,2241,1.0
37.349,1,6,movement,2.043,-14.425,2241,1.0
37.349,1,39,movement,43.13,-17.999,2241,1.0
37.366,0,3,movement,22.213,0.279,2242,1.0
37.366,1,4,movement,19.456,3.568,2242,1.0
37.366,0,1,movement,7.315,3.152,2242,1.0
37.366,0,22,movement,19.581,4.413,2242,1.0
37.366,1,2,movement,32.957,1.106,2242,1.0
37.366,1,5,movement,18.096,-4.461,2242,1.0
37.366,1,197,movement,45.943,-17.184,2242,1.0
37.366,1,6,movement,2.208,-14.434,2242,1.0
37.366,1,39,movement,43.029,-17.997,2242,1.0
37.383,0,3,movement,22.122,0.269,2243,1.0
37.383,1,4,movement,19.427,3.538,2243,1.0
37.383,0,1,movement,7.079,3.089,2243,1.0
37.383,0,22,movement,19.534,4.405,2243,1.0
37.383,1,2,movement,32.982,1.094,2243,1.0
37.383,1,5,movement,16.88,-4.752,2243,1.0
37.383,1,197,movement,45.686,-17.172,2243,1.0
37.383,1,39,movement,42.981,-17.986,2243,1.0
37.383,1,6,movement,2.109,-14.436,2243,1.0
37.383,1,28,movement,45.302,-18.96,2243,1.0
37.399,0,3,movement,22.13,0.263,2244,1.0
37.399,1,4,movement,19.322,3.488,2244,1.0
37.399,0,1,movement,7.244,3.145,2244,1.0
37.399,0,22,movement,19.458,4.39,2244,1.0
37.399,1,2,movement,32.968,1.099,2244,1.0
37.399,1,5,movement,17.163,-4.717,2244,1.0
37.399,1,6,movement,2.366,-14.456,2244,1.0
37.399,1,197,movement,45.518,-17.128,2244,1.0
37.399,1,39,movement,42.991,-18.007,2244,1.0
37.399,1,28,movement,44.922,-18.952,2244,1.0
37.416,0,3,movement,22.054,0.25,2245,1.0
37.416,1,4,movement,19.448,3.491,2245,1.0
37.416,0,22,movement,19.401,4.384,2245,1.0
37.416,0,1,movement,7.229,3.148,2245,1.0
37.416,1,2,movement,32.904,1.078,2245,1.0
37.416,1,5,movement,17.149,-4.772,2245,1.0
37.416,1,197,movement,45.421,-17.112,2245,1.0
37.416,1,6,movement,3.094,-14.521,2245,1.0
37.416,1,39,movement,42.746,-17.993,2245,1.0
37.433,0,3,movement,22.057,0.249,2246,1.0
37.433,1,4,movement,19.484,3.467,2246,1.0
37.433,0,1,movement,7.32,3.188,2246,1.0
37.433,0,22,movement,19.387,4.386,2246,1.0
37.433,1,5,movement,16.959,-4.847,2246,1.0
37.433,1,2,movement,32.971,1.093,2246,1.0
37.433,0,222,movement,-7.331,-1.598,2246,1.0
37.433,1,197,movement,44.988,-17.076,2246,1.0
37.433,1,6,movement,3.068,-14.511,2246,1.0
37.433,1,39,movement,42.725,-17.979,2246,1.0
37.449,1,3,movement,22.024,0.24,2247,1.0
37.449,0,4,movement,19.57,3.459,2247,1.0
37.449,1,22,movement,19.44,4.423,2247,1.0
37.449,0,2,movement,33.051,1.096,2247,1.0
37.449,0,5,movement,17.063,-4.873,2247,1.0
37.449,1,1,movement,7.258,3.172,2247,1.0
37.449,1,222,movement,-7.341,-1.598,2247,1.0
37.449,0,6,movement,2.425,-14.471,2247,1.0
37.449,0,197,movement,44.605,-17.038,2247,1.0
37.449,0,39,movement,42.724,-17.986,2247,1.0
37.466,1,3,movement,21.961,0.229,2248,1.0
37.466,0,4,movement,19.643,3.433,2248,1.0
37.466,1,22,movement,19.454,4.435,2248,1.0
37.466,0,5,movement,17.043,-4.924,2248,1.0
37.466,0,2,movement,32.928,1.069,2248,1.0
37.466,0,6,movement,2.102,-14.436,2248,1.0
37.466,1,222,movement,-7.393,-1.609,2248,1.0
37.466,1,1,movement,7.261,3.197,2248,1.0
37.466,0,197,movement,44.726,-17.046,2248,1.0
37.466,0,39,movement,42.812,-17.994,2248,1.0
37.483,1,4,movement,19.618,3.391,2249,1.0
37.483,0,3,movement,21.981,0.223,2249,1.0
37.483,1,2,movement,33.064,1.088,2249,1.0
37.483,1,5,movement,17.099,-4.978,2249,1.0
37.483,0,1,movement,7.002,3.117,2249,1.0
37.483,0,22,movement,19.462,4.458,2249,1.0
37.483,1,6,movement,2.088,-14.447,2249,1.0
37.483,0,222,movement,-7.344,-1.588,2249,1.0
37.483,1,197,movement,44.232,-17.016,2249,1.0
37.483,1,28,movement,44.762,-19.032,2249,1.0
37.483,1,39,movement,42.599,-17.961,2249,1.0
37.499,0,4,movement,19.684,3.387,2250,1.0
37.499,1,3,movement,21.984,0.219,2250,1.0
37.499,0,2,movement,33.151,1.109,2250,1.0
37.499,1,22,movement,19.475,4.484,2250,1.0
37.499,0,5,movement,17.172,-5.03,2250,1.0
37.499,0,6,movement,2.097,-14.446,2250,1.0
37.499,1,1,movement,7.055,3.165,2250,1.0
37.499,1,222,movement,-7.287,-1.566,2250,1.0
37.499,0,197,movement,45.161,-17.029,2250,1.0
37.499,0,28,movement,44.777,-19.014,2250,1.0
37.499,0,39,movement,42.976,-18.004,2250,1.0
37.516,1,4,movement,19.708,3.358,2251,1.0
37.516,0,3,movement,21.946,0.222,2251,1.0
37.516,1,2,movement,33.16,1.105,2251,1.0
37.516,0,22,movement,19.492,4.518,2251,1.0
37.516,1,5,movement,17.234,-5.058,2251,1.0
37.516,1,6,movement,2.015,-14.441,2251,1.0
37.516,1,197,movement,45.36,-17.025,2251,1.0
37.516,0,1,movement,6.915,3.142,2251,1.0
37.516,1,28,movement,44.86,-19.024,2251,1.0
37.516,1,39,movement,42.669,-17.975,2251,1.0
37.533,0,4,movement,19.673,3.33,2252,1.0
37.533,1,3,movement,21.943,0.225,2252,1.0
37.533,1,22,movement,19.456,4.523,2252,1.0
37.533,0,2,movement,33.144,1.104,2252,1.0
37.533,0,6,movement,2.035,-14.441,2252,1.0
37.533,0,5,movement,17.079,-5.119,2252,1.0
37.533,0,197,movement,44.979,-17.027,2252,1.0
37.533,0,28,movement,44.709,-18.983,2252,1.0
37.533,0,39,movement,42.573,-17.944,2252,1.0
37.549,0,4,movement,19.743,3.31,2253,1.0
37.549,1,3,movement,21.853,0.212,2253,1.0
37.549,1,22,movement,19.485,4.544,2253,1.0
37.549,0,2,movement,33.185,1.1,2253,1.0
37.549,0,6,movement,1.96,-14.432,2253,1.0
37.549,0,5,movement,17.024,-5.168,2253,1.0
37.549,0,197,movement,44.984,-17.012,2253,1.0
37.549,0,7,movement,38.638,-18.689,2253,1.0
37.549,0,39,movement,42.488,-17.939,2253,1.0
37.566,0,4,movement,19.747,3.297,2254,1.0
37.566,1,3,movement,21.889,0.214,2254,1.0
37.566,1,22,movement,19.496,4.559,2254,1.0
37.566,0,2,movement,33.118,1.089,2254,1.0
37.566,0,6,movement,1.979,-14.432,2254,1.0
37.566,0,5,movement,17.057,-5.223,2254,1.0
37.566,0,197,movement,44.966,-17.011,2254,1.0
37.566,1,222,movement,-7.178,-1.536,2254,1.0
37.566,0,7,movement,38.347,-18.65,2254,1.0
37.566,0,39,movement,42.411,-17.934,2254,1.0
37.583,0,4,movement,19.599,3.213,2255,1.0
37.583,1,3,movement,21.818,0.205,2255,1.0
37.583,1,22,movement,19.47,4.56,2255,1.0
37.583,0,2,movement,33.182,1.106,2255,1.0
37.583,0,5,movement,16.982,-5.281,2255,1.0
37.583,0,197,movement,43.88,-16.96,2255,1.0
37.583,0,6,movement,2.064,-14.439,2255,1.0
37.583,0,39,movement,42.427,-17.915,2255,1.0
37.583,0,7,movement,38.695,-18.682,2255,1.0
37.599,0,4,movement,19.698,3.214,2256,1.0
37.599,1,3,movement,21.876,0.214,2256,1.0
37.599,1,22,movement,19.522,4.584,2256,1.0
37.599,0,2,movement,33.234,1.127,2256,1.0
37.599,0,5,movement,17.006,-5.323,2256,1.0
37.599,0,197,movement,44.682,-16.997,2256,1.0
37.599,0,6,movement,1.965,-14.435,2256,1.0
37.599,0,7,movement,38.64,-18.681,2256,1.0
37.599,0,39,movement,42.426,-17.907,2256,1.0
37.616,0,4,movement,19.612,3.173,2257,1.0
37.616,1,22,movement,19.358,4.545,2257,1.0
37.616,1,3,movement,21.821,0.175,2257,1.0
37.616,0,2,movement,33.188,1.119,2257,1.0
37.616,0,5,movement,16.689,-5.389,2257,1.0
37.616,0,197,movement,44.385,-16.98,2257,1.0
37.616,0,6,movement,1.941,-14.432,2257,1.0
37.616,0,39,movement,42.517,-17.928,2257,1.0
37.616,0,7,movement,38.776,-18.699,2257,1.0
37.633,1,4,movement,19.601,3.131,2258,1.0
37.633,0,22,movement,19.279,4.534,2258,1.0
37.633,0,3,movement,21.874,0.199,2258,1.0
37.633,1,5,movement,17.091,-5.426,2258,1.0
37.633,1,2,movement,33.161,1.118,2258,1.0
37.633,1,6,movement,1.929,-14.431,2258,1.0
37.633,1,197,movement,44.396,-16.974,2258,1.0
37.633,1,39,movement,42.431,-17.931,2258,1.0
37.633,1,28,movement,44.958,-19.002,2258,1.0
37.649,0,4,movement,19.638,3.132,2259,1.0
37.649,1,22,movement,19.177,4.516,2259,1.0
37.649,1,3,movement,21.799,0.177,2259,1.0
37.649,0,2,movement,33.133,1.105,2259,1.0
37.649,0,5,movement,16.971,-5.487,2259,1.0
37.649,0,6,movement,1.87,-14.425,2259,1.0
37.649,0,197,movement,44.935,-16.999,2259,1.0
37.649,0,7,movement,38.403,-18.658,2259,1.0
37.649,0,39,movement,42.521,-17.95,2259,1.0
37.649,1,222,movement,-7.037,-1.49,2259,1.0
37.666,0,22,movement,19.306,4.562,2260,1.0
37.666,1,4,movement,19.463,3.057,2260,1.0
37.666,1,5,movement,16.687,-5.541,2260,1.0
37.666,0,3,movement,21.884,0.172,2260,1.0
37.666,1,2,movement,33.125,1.095,2260,1.0
37.666,1,6,movement,1.832,-14.421,2260,1.0
37.666,1,197,movement,45.972,-17.046,2260,1.0
37.666,1,39,movement,42.951,-17.995,2260,1.0
37.666,1,7,movement,38.469,-18.668,2260,1.0
37.683,0,22,movement,19.259,4.549,2261,1.0
37.683,1,4,movement,19.483,3.041,2261,1.0
37.683,0,3,movement,21.826,0.18,2261,1.0
37.683,1,5,movement,16.302,-5.608,2261,1.0
37.683,1,2,movement,33.05,1.071,2261,1.0
37.683,1,252,movement,-6.008,-1.146,2261,1.0
37.683,1,6,movement,1.809,-14.42,2261,1.0
37.683,1,197,movement,45.79,-17.032,2261,1.0
37.683,1,7,movement,38.419,-18.672,2261,1.0
37.683,1,39,movement,42.537,-17.963,2261,1.0
37.699,1,22,movement,19.148,4.524,2262,1.0
37.699,0,4,movement,19.426,3.005,2262,1.0
37.699,1,3,movement,21.739,0.157,2262,1.0
37.699,0,5,movement,16.184,-5.672,2262,1.0
37.699,0,2,movement,33.176,1.098,2262,1.0
37.699,0,6,movement,1.868,-14.432,2262,1.0
37.699,0,252,movement,-6.039,-1.163,2262,1.0
37.699,0,7,movement,38.458,-18.673,2262,1.0
37.699,0,39,movement,42.751,-17.996,2262,1.0
37.699,0,197,movement,46.267,-17.042,2262,1.0
37.716,0,4,movement,19.489,3.0,2263,1.0
37.716,1,22,movement,19.139,4.526,2263,1.0
37.716,0,2,movement,33.196,1.09,2263,1.0
37.716,0,5,movement,16.12,-5.727,2263,1.0
37.716,1,3,movement,21.808,0.18,2263,1.0
37.716,0,6,movement,1.855,-14.416,2263,1.0
37.716,0,252,movement,-6.005,-1.149,2263,1.0
37.716,0,7,movement,38.64,-18.693,2263,1.0
37.716,0,39,movement,42.847,-18.008,2263,1.0
37.716,0,197,movement,46.386,-17.045,2263,1.0
37.733,1,4,movement,19.475,2.984,2264,1.0
37.733,0,22,movement,19.179,4.55,2264,1.0
37.733,1,2,movement,33.107,1.065,2264,1.0
37.733,0,3,movement,21.846,0.185,2264,1.0
37.733,1,5,movement,15.93,-5.802,2264,1.0
37.733,1,252,movement,-5.073,-0.837,2264,1.0
37.733,1,6,movement,1.86,-14.409,2264,1.0
37.733,1,7,movement,38.583,-18.699,2264,1.0
37.733,1,197,movement,46.126,-17.036,2264,1.0
37.733,1,39,movement,42.852,-18.008,2264,1.0
37.749,0,22,movement,19.066,4.532,2265,1.0
37.749,1,4,movement,19.459,2.97,2265,1.0
37.749,1,2,movement,33.11,1.067,2265,1.0
37.749,0,3,movement,21.784,0.171,2265,1.0
37.749,1,5,movement,15.865,-5.878,2265,1.0
37.749,1,252,movement,-5.035,-0.828,2265,1.0
37.749,1,7,movement,38.957,-18.739,2265,1.0
37.749,1,197,movement,46.349,-17.043,2265,1.0
37.749,1,39,movement,43.037,-18.026,2265,1.0
37.749,1,6,movement,1.847,-14.423,2265,1.0
37.766,1,22,movement,19.03,4.533,2266,1.0
37.766,1,3,movement,21.767,0.16,2266,1.0
37.766,0,2,movement,33.217,1.085,2266,1.0
37.766,0,4,movement,19.413,2.919,2266,1.0
37.766,0,5,movement,15.881,-5.93,2266,1.0
37.766,0,252,movement,-5.077,-0.856,2266,1.0
37.766,0,197,movement,45.623,-17.019,2266,1.0
37.766,0,7,movement,38.848,-18.723,2266,1.0
37.766,0,39,movement,42.942,-17.993,2266,1.0
37.783,1,22,movement,18.949,4.516,2267,1.0
37.783,1,3,movement,21.762,0.126,2267,1.0
37.783,0,2,movement,33.167,1.061,2267,1.0
37.783,0,4,movement,19.523,2.93,2267,1.0
37.783,0,5,movement,16.024,-5.98,2267,1.0
37.783,0,252,movement,-5.069,-0.848,2267,1.0
37.783,0,197,movement,46.088,-17.035,2267,1.0
37.783,0,39,movement,43.006,-18.011,2267,1.0
37.783,0,7,movement,38.611,-18.683,2267,1.0
37.799,1,22,movement,19.033,4.549,2268,1.0
37.799,0,2,movement,33.172,1.052,2268,1.0
37.799,1,3,movement,21.821,0.158,2268,1.0
37.799,0,5,movement,15.964,-5.994,2268,1.0
37.799,0,4,movement,19.861,2.962,2268,1.0
37.799,0,252,movement,-5.11,-0.861,2268,1.0
37.799,0,197,movement,45.979,-17.035,2268,1.0
37.799,0,28,movement,44.848,-18.965,2268,1.0
37.799,0,39,movement,42.939,-18.001,2268,1.0
37.816,1,22,movement,18.963,4.541,2269,1.0
37.816,1,3,movement,21.732,0.163,2269,1.0
37.816,0,2,movement,33.153,1.034,2269,1.0
37.816,1,5,movement,15.873,-6.039,2269,1.0
37.816,0,4,movement,19.799,2.915,2269,1.0
37.816,0,252,movement,-5.102,-0.862,2269,1.0
37.816,0,197,movement,46.097,-17.033,2269,1.0
37.816,0,28,movement,44.83,-18.973,2269,1.0
37.816,0,39,movement,43.098,-18.021,2269,1.0
37.833,1,22,movement,18.977,4.552,2270,1.0
37.833,1,3,movement,21.566,0.134,2270,1.0
37.833,0,2,movement,33.059,1.007,2270,1.0
37.833,0,5,movement,15.846,-6.05,2270,1.0
37.833,0,4,movement,19.899,2.915,2270,1.0
37.833,0,252,movement,-3.536,-0.362,2270,1.0
37.833,0,197,movement,46.153,-16.994,2270,1.0
37.833,0,28,movement,44.916,-18.97,2270,1.0
37.849,1,22,movement,19.018,4.576,2271,1.0
37.849,1,3,movement,21.602,0.131,2271,1.0
37.849,0,2,movement,32.941,0.972,2271,1.0
37.849,0,5,movement,15.865,-6.07,2271,1.0
37.849,0,252,movement,-5.04,-0.842,2271,1.0
37.849,0,4,movement,20.511,3.036,2271,1.0
37.849,0,197,movement,46.259,-16.997,2271,1.0
37.849,0,28,movement,45.07,-18.992,2271,1.0
37.866,1,22,movement,18.892,4.552,2272,1.0
37.866,1,3,movement,21.588,0.13,2272,1.0
37.866,0,2,movement,33.053,0.98,2272,1.0
37.866,0,4,movement,20.026,2.885,2272,1.0
37.866,0,5,movement,16.012,-6.099,2272,1.0
37.866,0,252,movement,-5.041,-0.844,2272,1.0
37.866,0,39,movement,42.814,-18.01,2272,1.0
37.883,1,22,movement,18.85,4.551,2273,1.0
37.883,1,3,movement,21.648,0.148,2273,1.0
37.883,0,2,movement,33.063,0.975,2273,1.0
37.883,0,252,movement,-3.64,-0.414,2273,1.0
37.883,0,4,movement,19.945,2.839,2273,1.0
37.883,0,5,movement,15.95,-6.151,2273,1.0
37.899,0,22,movement,18.785,4.555,2274,1.0
37.899,1,2,movement,32.993,0.956,2274,1.0
37.899,0,3,movement,21.603,0.129,2274,1.0
37.899,1,4,movement,19.616,2.733,2274,1.0
37.899,1,5,movement,15.824,-6.197,2274,1.0
37.899,1,252,movement,-5.094,-0.864,2274,1.0
37.916,0,22,movement,18.829,4.589,2275,1.0
37.916,1,2,movement,33.03,0.974,2275,1.0
37.916,0,3,movement,21.576,0.118,2275,1.0
37.916,1,252,movement,-3.46,-0.365,2275,1.0
37.916,1,5,movement,15.796,-6.22,2275,1.0
37.916,1,4,movement,20.107,2.822,2275,1.0
37.933,1,3,movement,21.599,0.069,2276,1.0
37.933,1,22,movement,18.831,4.607,2276,1.0
37.933,0,2,movement,32.821,0.935,2276,1.0
37.933,0,252,movement,-3.396,-0.339,2276,1.0
37.933,0,4,movement,21.219,3.085,2276,1.0
37.933,0,273,movement,3.896,-14.541,2276,1.0
37.933,0,5,movement,15.635,-6.286,2276,1.0
37.949,1,22,movement,18.85,4.63,2277,1.0
37.949,1,3,movement,21.549,0.049,2277,1.0
37.949,0,2,movement,32.66,0.888,2277,1.0
37.949,0,252,movement,-3.469,-0.37,2277,1.0
37.949,0,4,movement,21.204,3.051,2277,1.0
37.949,0,5,movement,15.612,-6.313,2277,1.0
37.966,0,22,movement,18.852,4.65,2278,1.0
37.966,0,3,movement,21.446,0.085,2278,1.0
37.966,1,2,movement,32.986,0.972,2278,1.0
37.966,1,4,movement,20.502,2.843,2278,1.0
37.983,1,3,movement,21.522,0.078,2279,1.0
37.983,1,22,movement,18.787,4.646,2279,1.0
37.983,0,4,movement,20.718,2.876,2279,1.0
37.983,0,2,movement,32.919,0.949,2279,1.0
37.983,0,252,movement,-4.699,-0.786,2279,1.0
37.983,0,7,movement,38.081,-18.639,2279,1.0
37.999,1,3,movement,21.423,0.044,2280,1.0
37.999,1,22,movement,18.781,4.653,2280,1.0
37.999,0,2,movement,33.027,0.952,2280,1.0
37.999,0,4,movement,20.36,2.755,2280,1.0
37.999,0,252,movement,-4.68,-0.786,2280,1.0
37.999,0,5,movement,14.957,-6.59,2280,1.0
37.999,0,7,movement,38.306,-18.672,2280,1.0
38.016,1,3,movement,21.465,0.059,2281,1.0
38.016,1,22,movement,18.433,4.585,2281,1.0
38.016,0,2,movement,33.172,0.952,2281,1.0
38.016,0,4,movement,19.743,2.557,2281,1.0
38.016,0,252,movement,-4.347,-0.693,2281,1.0
38.016,0,7,movement,38.458,-18.703,2281,1.0
38.033,1,22,movement,18.67,4.676,2282,1.0
38.033,1,3,movement,21.782,0.082,2282,1.0
38.033,0,2,movement,33.571,1.017,2282,1.0
38.033,0,4,movement,20.498,2.721,2282,1.0
38.033,0,252,movement,-4.347,-0.692,2282,1.0
38.033,0,7,movement,37.825,-18.628,2282,1.0
38.049,1,3,movement,21.445,0.059,2283,1.0
38.049,1,22,movement,18.382,4.594,2283,1.0
38.049,0,2,movement,33.278,0.95,2283,1.0
38.049,0,4,movement,19.239,2.395,2283,1.0
38.049,1,252,movement,-4.318,-0.699,2283,1.0
38.049,0,7,movement,38.56,-18.696,2283,1.0
38.066,1,3,movement,21.448,0.092,2284,1.0
38.066,0,4,movement,19.268,2.376,2284,1.0
38.066,0,2,movement,33.444,0.96,2284,1.0
38.066,1,252,movement,-4.205,-0.66,2284,1.0
38.066,1,22,movement,18.434,4.634,2284,1.0
38.066,0,7,movement,38.65,-18.694,2284,1.0
38.066,0,280,movement,44.13,-16.822,2284,1.0
38.083,1,3,movement,21.364,0.107,2285,1.0
38.083,1,22,movement,18.267,4.602,2285,1.0
38.083,0,2,movement,33.323,0.94,2285,1.0
38.083,0,4,movement,19.304,2.354,2285,1.0
38.083,0,252,movement,-4.197,-0.668,2285,1.0
38.083,0,7,movement,38.301,-18.661,2285,1.0
38.083,0,5,movement,15.144,-6.687,2285,1.0
38.083,0,280,movement,44.117,-16.816,2285,1.0
38.099,1,22,movement,18.263,4.62,2286,1.0
38.099,1,3,movement,21.433,0.059,2286,1.0
38.099,0,4,movement,19.258,2.333,2286,1.0
38.099,0,2,movement,33.199,0.916,2286,1.0
38.099,0,252,movement,-4.143,-0.651,2286,1.0
38.099,0,7,movement,38.304,-18.668,2286,1.0
38.116,0,3,movement,21.236,0.034,2287,1.0
38.116,1,4,movement,19.187,2.305,2287,1.0
38.116,1,2,movement,33.28,0.926,2287,1.0
38.116,0,22,movement,18.421,4.698,2287,1.0
38.116,1,252,movement,-4.391,-0.713,2287,1.0
38.116,1,7,movement,38.393,-18.676,2287,1.0
38.116,1,273,movement,3.806,-14.495,2287,1.0
38.116,1,5,movement,15.815,-6.663,2287,1.0
38.116,1,39,movement,43.037,-18.026,2287,1.0
38.133,1,2,movement,33.304,0.93,2288,1.0
38.133,1,4,movement,19.299,2.317,2288,1.0
38.133,0,3,movement,21.161,0.043,2288,1.0
38.133,0,22,movement,18.189,4.666,2288,1.0
38.133,1,7,movement,38.206,-18.649,2288,1.0
38.133,1,252,movement,-4.33,-0.709,2288,1.0
38.133,1,5,movement,15.331,-6.766,2288,1.0
38.133,1,39,movement,42.878,-17.996,2288,1.0
38.149,1,2,movement,33.559,0.967,2289,1.0
38.149,0,3,movement,21.154,0.048,2289,1.0
38.149,0,22,movement,18.149,4.678,2289,1.0
38.149,1,4,movement,19.397,2.332,2289,1.0
38.149,1,252,movement,-4.093,-0.644,2289,1.0
38.149,1,5,movement,15.209,-6.812,2289,1.0
38.149,1,7,movement,38.297,-18.651,2289,1.0
38.149,1,39,movement,43.019,-18.0,2289,1.0
38.166,0,2,movement,33.338,0.931,2290,1.0
38.166,1,3,movement,21.125,0.069,2290,1.0
38.166,1,22,movement,18.147,4.703,2290,1.0
38.166,0,4,movement,19.346,2.289,2290,1.0
38.166,0,252,movement,-4.045,-0.629,2290,1.0
38.166,0,5,movement,15.195,-6.849,2290,1.0
38.166,0,7,movement,38.339,-18.661,2290,1.0
38.166,0,273,movement,4.046,-14.489,2290,1.0
38.166,0,39,movement,42.803,-17.983,2290,1.0
38.183,0,3,movement,21.156,0.072,2291,1.0
38.183,0,22,movement,18.057,4.689,2291,1.0
38.183,1,2,movement,33.367,0.926,2291,1.0
38.183,1,4,movement,19.275,2.242,2291,1.0
38.183,0,5,movement,15.303,-6.896,2291,1.0
38.183,0,273,movement,4.033,-14.49,2291,1.0
38.183,0,252,movement,-3.929,-0.605,2291,1.0
38.183,1,7,movement,38.436,-18.673,2291,1.0
38.183,1,39,movement,42.767,-17.993,2291,1.0
38.199,1,3,movement,20.876,0.035,2292,1.0
38.199,1,22,movement,18.064,4.723,2292,1.0
38.199,0,2,movement,33.343,0.913,2292,1.0
38.199,0,5,movement,15.065,-6.958,2292,1.0
38.199,0,4,movement,19.124,2.175,2292,1.0
38.199,0,252,movement,-4.125,-0.657,2292,1.0
38.199,0,273,movement,4.041,-14.49,2292,1.0
38.199,0,7,movement,38.353,-18.664,2292,1.0
38.199,0,39,movement,42.742,-17.978,2292,1.0
38.216,0,22,movement,18.004,4.712,2293,1.0
38.216,0,3,movement,20.811,0.049,2293,1.0
38.216,1,2,movement,33.222,0.88,2293,1.0
38.216,1,4,movement,20.585,2.509,2293,1.0
38.216,0,5,movement,14.835,-7.0,2293,1.0
38.216,0,252,movement,-2.625,-0.163,2293,1.0
38.216,1,6,movement,1.997,-14.353,2293,1.0
38.216,1,7,movement,38.177,-18.642,2293,1.0
38.216,1,39,movement,42.68,-17.964,2293,1.0
38.233,0,2,movement,33.231,0.869,2294,1.0
38.233,1,22,movement,17.938,4.698,2294,1.0
38.233,1,3,movement,20.913,0.065,2294,1.0
38.233,0,252,movement,-4.092,-0.641,2294,1.0
38.233,1,5,movement,15.096,-7.009,2294,1.0
38.233,0,4,movement,20.655,2.505,2294,1.0
38.233,0,280,movement,44.801,-16.781,2294,1.0
38.233,0,6,movement,2.038,-14.355,2294,1.0
38.233,0,7,movement,38.304,-18.639,2294,1.0
38.233,0,39,movement,42.745,-17.965,2294,1.0
38.249,1,2,movement,33.072,0.841,2295,1.0
38.249,0,3,movement,20.788,0.055,2295,1.0
38.249,0,22,movement,17.858,4.712,2295,1.0
38.249,0,5,movement,15.217,-7.022,2295,1.0
38.249,1,252,movement,-4.092,-0.648,2295,1.0
38.249,1,6,movement,1.983,-14.345,2295,1.0
38.249,1,4,movement,20.791,2.517,2295,1.0
38.249,1,280,movement,44.804,-16.771,2295,1.0
38.249,1,7,movement,38.648,-18.658,2295,1.0
38.249,1,39,movement,42.818,-17.964,2295,1.0
38.266,1,22,movement,17.774,4.696,2296,1.0
38.266,1,3,movement,20.713,0.088,2296,1.0
38.266,0,252,movement,-3.332,-0.403,2296,1.0
38.266,0,2,movement,33.142,0.841,2296,1.0
38.266,1,5,movement,15.327,-7.045,2296,1.0
38.266,0,6,movement,1.992,-14.341,2296,1.0
38.266,0,4,movement,20.783,2.462,2296,1.0
38.266,0,7,movement,38.565,-18.645,2296,1.0
38.266,0,280,movement,44.987,-16.766,2296,1.0
38.283,1,252,movement,-3.434,-0.44,2297,1.0
38.283,0,22,movement,17.769,4.713,2297,1.0
38.283,0,3,movement,20.747,0.074,2297,1.0
38.283,1,2,movement,33.271,0.851,2297,1.0
38.283,1,4,movement,19.531,2.152,2297,1.0
38.283,0,5,movement,15.255,-7.082,2297,1.0
38.283,1,6,movement,1.925,-14.329,2297,1.0
38.283,1,7,movement,38.726,-18.66,2297,1.0
38.299,0,252,movement,-3.424,-0.442,2298,1.0
38.299,1,22,movement,17.665,4.704,2298,1.0
38.299,0,6,movement,1.983,-14.327,2298,1.0
38.299,1,3,movement,20.684,0.06,2298,1.0
38.299,0,2,movement,33.313,0.844,2298,1.0
38.299,1,5,movement,15.207,-7.119,2298,1.0
38.299,0,4,movement,19.636,2.151,2298,1.0
38.299,0,7,movement,38.768,-18.672,2298,1.0
38.316,0,6,movement,1.965,-14.325,2299,1.0
38.316,1,3,movement,20.576,0.037,2299,1.0
38.316,1,22,movement,17.6,4.722,2299,1.0
38.316,0,4,movement,20.106,2.246,2299,1.0
38.316,0,2,movement,33.386,0.851,2299,1.0
38.316,0,252,movement,-3.964,-0.617,2299,1.0
38.316,0,5,movement,15.222,-7.166,2299,1.0
38.316,0,280,movement,45.706,-16.793,2299,1.0
38.316,0,7,movement,38.528,-18.633,2299,1.0
38.333,1,22,movement,17.607,4.757,2300,1.0
38.333,1,3,movement,20.837,0.1,2300,1.0
38.333,0,6,movement,2.061,-14.334,2300,1.0
38.333,0,4,movement,20.408,2.297,2300,1.0
38.333,0,2,movement,33.791,0.918,2300,1.0
38.333,0,5,movement,15.116,-7.204,2300,1.0
38.333,0,252,movement,-3.606,-0.512,2300,1.0
38.333,0,280,movement,46.094,-16.794,2300,1.0
38.333,0,7,movement,38.435,-18.623,2300,1.0
38.349,1,3,movement,20.909,0.106,2301,1.0
38.349,1,22,movement,17.607,4.751,2301,1.0
38.349,0,6,movement,2.037,-14.325,2301,1.0
38.349,0,2,movement,33.714,0.898,2301,1.0
38.349,0,4,movement,20.325,2.243,2301,1.0
38.349,0,252,movement,-3.757,-0.562,2301,1.0
38.349,0,5,movement,15.135,-7.189,2301,1.0
38.349,0,7,movement,38.375,-18.628,2301,1.0
38.366,1,22,movement,17.747,4.818,2302,1.0
38.366,1,3,movement,20.842,0.112,2302,1.0
38.366,0,6,movement,2.017,-14.322,2302,1.0
38.366,0,2,movement,33.48,0.851,2302,1.0
38.366,0,4,movement,20.043,2.146,2302,1.0
38.366,0,252,movement,-3.701,-0.54,2302,1.0
38.366,0,5,movement,14.904,-7.259,2302,1.0
38.366,0,7,movement,38.712,-18.651,2302,1.0
38.383,1,3,movement,20.967,0.135,2303,1.0
38.383,1,22,movement,17.774,4.852,2303,1.0
38.383,0,2,movement,33.607,0.867,2303,1.0
38.383,0,4,movement,20.462,2.209,2303,1.0
38.383,0,252,movement,-3.058,-0.339,2303,1.0
38.383,0,6,movement,2.017,-14.323,2303,1.0
38.383,0,280,movement,45.576,-16.764,2303,1.0
38.383,0,7,movement,38.837,-18.674,2303,1.0
38.399,1,22,movement,17.707,4.853,2304,1.0
38.399,1,3,movement,21.066,0.197,2304,1.0
38.399,0,2,movement,33.365,0.816,2304,1.0
38.399,0,4,movement,20.396,2.171,2304,1.0
38.399,0,6,movement,2.039,-14.318,2304,1.0
38.399,0,252,movement,-3.508,-0.485,2304,1.0
38.399,0,280,movement,44.789,-16.721,2304,1.0
38.399,0,7,movement,38.853,-18.684,2304,1.0
38.399,0,39,movement,43.27,-18.008,2304,1.0
38.416,1,22,movement,17.787,4.895,2305,1.0
38.416,0,2,movement,33.254,0.791,2305,1.0
38.416,1,3,movement,20.806,0.157,2305,1.0
38.416,0,6,movement,2.065,-14.323,2305,1.0
38.416,0,4,movement,20.26,2.145,2305,1.0
38.416,0,280,movement,44.944,-16.717,2305,1.0
38.416,0,7,movement,38.908,-18.705,2305,1.0
38.416,0,252,movement,-3.368,-0.445,2305,1.0
38.416,0,39,movement,43.235,-18.0,2305,1.0
38.433,1,22,movement,17.79,4.928,2306,1.0
38.433,0,2,movement,33.269,0.791,2306,1.0
38.433,0,252,movement,-3.173,-0.391,2306,1.0
38.433,0,4,movement,19.881,2.023,2306,1.0
38.433,1,3,movement,20.871,0.165,2306,1.0
38.433,0,6,movement,2.056,-14.314,2306,1.0
38.433,0,7,movement,39.058,-18.723,2306,1.0
38.433,0,280,movement,44.828,-16.712,2306,1.0
38.433,0,39,movement,43.371,-18.03,2306,1.0
38.449,0,2,movement,33.289,0.786,2307,1.0
38.449,1,22,movement,17.826,4.981,2307,1.0
38.449,0,4,movement,19.895,2.001,2307,1.0
38.449,1,3,movement,20.706,0.142,2307,1.0
38.449,0,6,movement,2.074,-14.303,2307,1.0
38.449,1,252,movement,-3.466,-0.494,2307,1.0
38.449,0,7,movement,38.981,-18.716,2307,1.0
38.449,1,5,movement,14.271,-7.522,2307,1.0
38.449,1,197,movement,46.785,-16.809,2307,1.0
38.449,0,39,movement,43.34,-18.044,2307,1.0
38.466,0,2,movement,33.228,0.772,2308,1.0
38.466,1,22,movement,17.734,4.996,2308,1.0
38.466,1,3,movement,20.715,0.158,2308,1.0
38.466,0,4,movement,19.937,1.968,2308,1.0
38.466,1,252,movement,-3.261,-0.424,2308,1.0
38.466,0,6,movement,2.039,-14.296,2308,1.0
38.466,0,7,movement,38.99,-18.71,2308,1.0
38.466,1,5,movement,14.273,-7.531,2308,1.0
38.466,1,197,movement,46.654,-16.795,2308,1.0
38.466,0,39,movement,43.588,-18.054,2308,1.0
38.483,1,2,movement,33.139,0.753,2309,1.0
38.483,0,22,movement,17.767,5.041,2309,1.0
38.483,1,4,movement,19.679,1.883,2309,1.0
38.483,0,252,movement,-3.313,-0.447,2309,1.0
38.483,0,3,movement,20.681,0.172,2309,1.0
38.483,1,6,movement,2.055,-14.282,2309,1.0
38.483,0,5,movement,14.59,-7.518,2309,1.0
38.483,1,7,movement,38.703,-18.69,2309,1.0
38.483,1,39,movement,43.308,-18.044,2309,1.0
38.499,0,2,movement,33.132,0.75,2310,1.0
38.499,1,252,movement,-3.201,-0.411,2310,1.0
38.499,1,22,movement,17.69,5.018,2310,1.0
38.499,0,4,movement,19.613,1.851,2310,1.0
38.499,1,3,movement,20.763,0.241,2310,1.0
38.499,0,6,movement,2.05,-14.278,2310,1.0
38.499,1,5,movement,14.69,-7.5,2310,1.0
38.499,0,7,movement,38.921,-18.71,2310,1.0
38.499,0,39,movement,43.379,-18.049,2310,1.0
38.516,0,252,movement,-3.049,-0.369,2311,1.0
38.516,1,2,movement,33.206,0.754,2311,1.0
38.516,0,22,movement,17.76,5.092,2311,1.0
38.516,0,3,movement,20.646,0.22,2311,1.0
38.516,1,4,movement,19.52,1.781,2311,1.0
38.516,1,6,movement,2.221,-14.294,2311,1.0
38.516,1,7,movement,39.01,-18.714,2311,1.0
38.516,0,5,movement,14.505,-7.543,2311,1.0
38.516,1,39,movement,43.24,-18.032,2311,1.0
38.533,0,2,movement,33.296,0.757,2312,1.0
38.533,1,22,movement,17.941,5.178,2312,1.0
38.533,1,3,movement,20.807,0.277,2312,1.0
38.533,0,4,movement,19.985,1.896,2312,1.0
38.533,0,6,movement,2.46,-14.302,2312,1.0
38.533,1,252,movement,-3.189,-0.427,2312,1.0
38.533,1,5,movement,14.468,-7.564,2312,1.0
38.533,0,7,movement,38.696,-18.689,2312,1.0
38.549,1,2,movement,33.266,0.748,2313,1.0
38.549,0,252,movement,-3.041,-0.383,2313,1.0
38.549,0,22,movement,17.937,5.224,2313,1.0
38.549,0,3,movement,20.778,0.282,2313,1.0
38.549,1,4,movement,19.75,1.781,2313,1.0
38.549,0,5,movement,14.185,-7.653,2313,1.0
38.549,1,6,movement,2.341,-14.3,2313,1.0
38.549,1,7,movement,38.594,-18.67,2313,1.0
38.549,1,39,movement,43.27,-18.054,2313,1.0
38.566,1,22,movement,17.92,5.256,2314,1.0
38.566,0,2,movement,33.272,0.754,2314,1.0
38.566,1,3,movement,20.684,0.296,2314,1.0
38.566,0,6,movement,2.23,-14.288,2314,1.0
38.566,1,252,movement,-3.145,-0.437,2314,1.0
38.566,0,4,movement,19.687,1.761,2314,1.0
38.566,0,5,movement,14.267,-7.66,2314,1.0
38.566,0,7,movement,38.611,-18.67,2314,1.0
38.583,0,22,movement,18.012,5.324,2315,1.0
38.583,1,2,movement,33.316,0.762,2315,1.0
38.583,0,252,movement,-3.012,-0.389,2315,1.0
38.583,0,3,movement,20.674,0.305,2315,1.0
38.583,1,6,movement,2.336,-14.294,2315,1.0
38.583,1,4,movement,19.505,1.693,2315,1.0
38.583,1,5,movement,14.23,-7.688,2315,1.0
38.599,0,2,movement,33.307,0.751,2316,1.0
38.599,1,22,movement,18.03,5.353,2316,1.0
38.599,0,6,movement,2.308,-14.284,2316,1.0
38.599,1,252,movement,-2.977,-0.412,2316,1.0
38.599,1,3,movement,20.673,0.317,2316,1.0
38.599,0,4,movement,19.435,1.672,2316,1.0
38.599,0,5,movement,14.278,-7.71,2316,1.0
38.616,1,22,movement,18.122,5.395,2317,1.0
38.616,0,2,movement,33.349,0.756,2317,1.0
38.616,0,6,movement,2.247,-14.267,2317,1.0
38.616,1,3,movement,20.776,0.361,2317,1.0
38.616,1,252,movement,-2.957,-0.415,2317,1.0
38.616,0,4,movement,19.347,1.591,2317,1.0
38.616,0,5,movement,14.312,-7.72,2317,1.0
38.633,0,2,movement,33.343,0.757,2318,1.0
38.633,1,22,movement,18.029,5.385,2318,1.0
38.633,0,4,movement,19.433,1.574,2318,1.0
38.633,0,6,movement,2.236,-14.254,2318,1.0
38.633,1,252,movement,-2.909,-0.409,2318,1.0
38.633,1,3,movement,20.976,0.408,2318,1.0
38.633,0,5,movement,14.232,-7.763,2318,1.0
38.649,0,2,movement,33.259,0.747,2319,1.0
38.649,1,22,movement,17.934,5.366,2319,1.0
38.649,0,6,movement,2.272,-14.252,2319,1.0
38.649,1,252,movement,-2.807,-0.378,2319,1.0
38.649,0,4,movement,19.356,1.543,2319,1.0
38.649,1,3,movement,20.979,0.417,2319,1.0
38.649,0,5,movement,14.282,-7.792,2319,1.0
38.666,0,2,movement,33.289,0.749,2320,1.0
38.666,1,22,movement,18.01,5.412,2320,1.0
38.666,0,4,movement,19.276,1.481,2320,1.0
38.666,0,6,movement,2.276,-14.243,2320,1.0
38.666,1,3,movement,20.801,0.387,2320,1.0
38.666,1,252,movement,-2.82,-0.402,2320,1.0
38.666,0,5,movement,14.349,-7.812,2320,1.0
38.666,0,7,movement,38.795,-18.693,2320,1.0
38.683,1,22,movement,17.862,5.38,2321,1.0
38.683,0,2,movement,33.278,0.737,2321,1.0
38.683,0,4,movement,19.312,1.45,2321,1.0
38.683,0,6,movement,2.291,-14.23,2321,1.0
38.683,1,252,movement,-2.739,-0.375,2321,1.0
38.683,1,3,movement,20.794,0.387,2321,1.0
38.683,0,5,movement,14.361,-7.856,2321,1.0
38.699,1,22,movement,17.922,5.429,2322,1.0
38.699,0,2,movement,33.291,0.74,2322,1.0
38.699,0,4,movement,19.336,1.432,2322,1.0
38.699,1,252,movement,-2.626,-0.357,2322,1.0
38.699,1,3,movement,20.828,0.401,2322,1.0
38.699,0,6,movement,2.309,-14.227,2322,1.0
38.699,0,5,movement,14.371,-7.869,2322,1.0
38.699,0,7,movement,38.719,-18.688,2322,1.0
38.716,1,2,movement,33.295,0.743,2323,1.0
38.716,0,22,movement,17.907,5.442,2323,1.0
38.716,1,4,movement,19.327,1.412,2323,1.0
38.716,0,252,movement,-2.128,-0.186,2323,1.0
38.716,0,3,movement,20.512,0.331,2323,1.0
38.716,1,6,movement,2.207,-14.216,2323,1.0
38.716,1,5,movement,14.296,-7.913,2323,1.0
38.716,1,7,movement,38.574,-18.663,2323,1.0
38.733,1,2,movement,33.219,0.727,2324,1.0
38.733,0,22,movement,17.726,5.42,2324,1.0
38.733,1,4,movement,19.31,1.39,2324,1.0
38.733,0,252,movement,-2.698,-0.387,2324,1.0
38.733,0,3,movement,20.577,0.353,2324,1.0
38.733,1,5,movement,14.53,-7.902,2324,1.0
38.733,1,6,movement,2.246,-14.213,2324,1.0
38.733,1,7,movement,38.227,-18.632,2324,1.0
38.749,1,2,movement,33.23,0.716,2325,1.0
38.749,0,22,movement,17.666,5.433,2325,1.0
38.749,1,4,movement,19.232,1.346,2325,1.0
38.749,0,3,movement,20.505,0.336,2325,1.0
38.749,0,252,movement,-2.781,-0.413,2325,1.0
38.749,1,6,movement,2.297,-14.202,2325,1.0
38.749,1,5,movement,14.575,-7.958,2325,1.0
38.749,1,7,movement,38.404,-18.671,2325,1.0
38.766,1,2,movement,33.13,0.694,2326,1.0
38.766,1,4,movement,19.179,1.314,2326,1.0
38.766,0,22,movement,17.582,5.428,2326,1.0
38.766,0,3,movement,20.37,0.315,2326,1.0
38.766,0,252,movement,-2.5,-0.339,2326,1.0
38.766,1,6,movement,2.327,-14.2,2326,1.0
38.766,1,7,movement,38.475,-18.677,2326,1.0
38.766,1,5,movement,14.561,-7.983,2326,1.0
38.783,1,2,movement,33.146,0.696,2327,1.0
38.783,1,4,movement,19.235,1.297,2327,1.0
38.783,0,22,movement,17.59,5.461,2327,1.0
38.783,0,3,movement,20.394,0.324,2327,1.0
38.783,1,6,movement,2.213,-14.189,2327,1.0
38.783,0,252,movement,-1.685,-0.072,2327,1.0
38.783,1,7,movement,38.666,-18.696,2327,1.0
38.799,1,2,movement,33.188,0.704,2328,1.0
38.799,1,4,movement,19.263,1.289,2328,1.0
38.799,0,22,movement,17.45,5.451,2328,1.0
38.799,0,3,movement,20.407,0.328,2328,1.0
38.799,0,252,movement,-2.55,-0.374,2328,1.0
38.799,1,6,movement,2.282,-14.186,2328,1.0
38.799,1,7,movement,38.572,-18.686,2328,1.0
38.816,1,2,movement,33.203,0.701,2329,1.0
38.816,1,4,movement,19.339,1.274,2329,1.0
38.816,0,22,movement,17.399,5.453,2329,1.0
38.816,0,3,movement,20.355,0.312,2329,1.0
38.816,1,252,movement,-2.656,-0.409,2329,1.0
38.816,1,6,movement,2.266,-14.17,2329,1.0
38.833,1,2,movement,33.317,0.706,2330,1.0
38.833,1,4,movement,19.315,1.249,2330,1.0
38.833,0,3,movement,20.311,0.299,2330,1.0
38.833,0,22,movement,17.311,5.473,2330,1.0
38.833,1,6,movement,2.23,-14.168,2330,1.0
38.833,1,252,movement,-2.849,-0.442,2330,1.0
38.849,0,252,movement,-2.334,-0.33,2331,1.0
38.849,0,2,movement,33.231,0.696,2331,1.0
38.849,0,4,movement,19.274,1.207,2331,1.0
38.849,1,3,movement,20.258,0.296,2331,1.0
38.849,1,22,movement,17.271,5.456,2331,1.0
38.849,0,6,movement,2.361,-14.151,2331,1.0
38.866,0,4,movement,19.312,1.194,2332,1.0
38.866,0,2,movement,33.343,0.711,2332,1.0
38.866,0,252,movement,-2.271,-0.317,2332,1.0
38.866,1,3,movement,20.214,0.287,2332,1.0
38.866,1,22,movement,17.149,5.419,2332,1.0
38.866,0,6,movement,2.492,-14.145,2332,1.0
38.866,0,5,movement,14.49,-8.15,2332,1.0
38.883,0,4,movement,19.359,1.187,2333,1.0
38.883,1,3,movement,20.284,0.302,2333,1.0
38.883,0,252,movement,-2.334,-0.362,2333,1.0
38.883,0,2,movement,33.177,0.691,2333,1.0
38.883,1,22,movement,17.039,5.387,2333,1.0
38.883,0,6,movement,2.495,-14.14,2333,1.0
38.899,1,3,movement,20.313,0.299,2334,1.0
38.899,0,2,movement,33.262,0.707,2334,1.0
38.899,0,4,movement,19.39,1.173,2334,1.0
38.899,0,252,movement,-1.975,-0.218,2334,1.0
38.899,1,22,movement,16.633,5.303,2334,1.0
38.899,0,6,movement,2.566,-14.134,2334,1.0
38.899,0,5,movement,14.329,-8.212,2334,1.0
38.916,1,3,movement,20.312,0.307,2335,1.0
38.916,0,2,movement,33.252,0.703,2335,1.0
38.916,0,252,movement,-1.86,-0.187,2335,1.0
38.916,1,22,movement,16.987,5.42,2335,1.0
38.916,0,4,movement,20.014,1.26,2335,1.0
38.916,0,6,movement,2.683,-14.128,2335,1.0
38.916,0,5,movement,14.101,-8.26,2335,1.0
38.933,1,3,movement,20.329,0.317,2336,1.0
38.933,0,2,movement,33.191,0.688,2336,1.0
38.933,0,252,movement,-2.127,-0.296,2336,1.0
38.933,0,4,movement,19.991,1.24,2336,1.0
38.933,1,22,movement,16.923,5.401,2336,1.0
38.933,0,6,movement,2.564,-14.128,2336,1.0
38.933,0,5,movement,13.88,-8.35,2336,1.0
38.949,1,3,movement,20.348,0.344,2337,1.0
38.949,0,2,movement,33.174,0.681,2337,1.0
38.949,0,252,movement,-2.067,-0.281,2337,1.0
38.949,1,22,movement,16.898,5.393,2337,1.0
38.949,0,4,movement,20.006,1.212,2337,1.0
38.949,0,6,movement,2.601,-14.114,2337,1.0
38.949,0,5,movement,15.218,-8.234,2337,1.0
38.966,0,2,movement,33.163,0.683,2338,1.0
38.966,1,3,movement,20.186,0.308,2338,1.0
38.966,0,252,movement,-2.04,-0.273,2338,1.0
38.966,1,22,movement,16.919,5.422,2338,1.0
38.966,0,4,movement,19.811,1.13,2338,1.0
38.966,0,6,movement,2.685,-14.11,2338,1.0
38.966,0,5,movement,15.922,-8.184,2338,1.0
38.983,0,3,movement,20.297,0.333,2339,1.0
38.983,1,2,movement,33.273,0.697,2339,1.0
38.983,0,22,movement,16.907,5.421,2339,1.0
38.983,1,252,movement,-2.169,-0.339,2339,1.0
38.983,1,4,movement,19.598,1.087,2339,1.0
38.983,1,6,movement,2.78,-14.112,2339,1.0
38.983,0,5,movement,16.868,-8.164,2339,1.0
38.999,0,252,movement,-1.976,-0.252,2340,1.0
38.999,1,22,movement,16.941,5.436,2340,1.0
38.999,1,3,movement,20.196,0.322,2340,1.0
38.999,0,2,movement,33.225,0.681,2340,1.0
38.999,0,4,movement,19.396,1.007,2340,1.0
38.999,0,6,movement,2.64,-14.103,2340,1.0
38.999,1,5,movement,17.008,-8.136,2340,1.0
38.999,0,39,movement,43.181,-18.035,2340,1.0
38.999,0,7,movement,38.676,-18.676,2340,1.0
39.016,1,252,movement,-1.796,-0.197,2341,1.0
39.016,1,2,movement,33.218,0.674,2341,1.0
39.016,0,3,movement,20.528,0.416,2341,1.0
39.016,0,22,movement,17.002,5.474,2341,1.0
39.016,1,4,movement,19.442,0.958,2341,1.0
39.016,1,6,movement,2.69,-14.106,2341,1.0
39.016,1,197,movement,46.288,-16.455,2341,1.0
39.016,1,7,movement,39.005,-18.738,2341,1.0
39.016,1,39,movement,43.402,-18.044,2341,1.0
39.033,1,2,movement,33.286,0.696,2342,1.0
39.033,1,252,movement,-1.569,-0.092,2342,1.0
39.033,0,22,movement,16.913,5.444,2342,1.0
39.033,0,3,movement,20.387,0.388,2342,1.0
39.033,1,4,movement,19.502,0.938,2342,1.0
39.033,1,370,movement,13.907,-8.525,2342,1.0
39.033,1,6,movement,2.722,-14.108,2342,1.0
39.033,1,39,movement,43.277,-18.031,2342,1.0
39.033,1,197,movement,46.124,-16.448,2342,1.0
39.033,1,7,movement,38.32,-18.675,2342,1.0
39.049,1,252,movement,-1.597,-0.106,2343,1.0
39.049,1,2,movement,33.2,0.692,2343,1.0
39.049,0,22,movement,16.864,5.422,2343,1.0
39.049,0,3,movement,20.61,0.425,2343,1.0
39.049,1,4,movement,19.782,0.977,2343,1.0
39.049,1,370,movement,13.785,-8.561,2343,1.0
39.049,1,6,movement,2.75,-14.109,2343,1.0
39.049,1,39,movement,43.313,-18.031,2343,1.0
39.049,1,7,movement,38.496,-18.691,2343,1.0
39.066,1,252,movement,-1.565,-0.104,2344,1.0
39.066,1,2,movement,33.21,0.683,2344,1.0
39.066,0,22,movement,16.946,5.457,2344,1.0
39.066,0,3,movement,20.598,0.431,2344,1.0
39.066,1,4,movement,19.426,0.861,2344,1.0
39.066,1,6,movement,2.879,-14.116,2344,1.0
39.066,1,370,movement,13.856,-8.58,2344,1.0
39.066,1,7,movement,39.08,-18.729,2344,1.0
39.066,1,39,movement,43.404,-18.044,2344,1.0
39.066,1,197,movement,46.744,-16.467,2344,1.0
39.083,0,2,movement,33.187,0.674,2345,1.0
39.083,0,252,movement,-1.478,-0.095,2345,1.0
39.083,1,3,movement,20.716,0.455,2345,1.0
39.083,0,4,movement,19.239,0.814,2345,1.0
39.083,1,22,movement,16.956,5.463,2345,1.0
39.083,0,370,movement,13.83,-8.626,2345,1.0
39.083,0,6,movement,2.827,-14.111,2345,1.0
39.083,0,7,movement,39.032,-18.731,2345,1.0
39.083,0,39,movement,43.328,-18.022,2345,1.0
39.083,0,197,movement,46.607,-16.471,2345,1.0
39.099,1,2,movement,33.134,0.657,2346,1.0
39.099,0,3,movement,20.866,0.487,2346,1.0
39.099,1,4,movement,19.323,0.809,2346,1.0
39.099,0,22,movement,17.07,5.505,2346,1.0
39.099,1,370,movement,13.754,-8.685,2346,1.0
39.099,1,6,movement,2.963,-14.112,2346,1.0
39.099,1,7,movement,38.881,-18.717,2346,1.0
39.099,1,252,movement,-2.025,-0.288,2346,1.0
39.099,1,39,movement,43.251,-18.034,2346,1.0
39.099,1,197,movement,46.523,-16.451,2346,1.0
39.116,1,4,movement,19.413,0.838,2347,1.0
39.116,1,2,movement,33.147,0.664,2347,1.0
39.116,0,3,movement,20.726,0.445,2347,1.0
39.116,0,22,movement,16.929,5.467,2347,1.0
39.116,1,370,movement,13.801,-8.684,2347,1.0
39.116,1,6,movement,3.63,-14.14,2347,1.0
39.116,1,252,movement,-1.938,-0.28,2347,1.0
39.116,1,7,movement,38.587,-18.67,2347,1.0
39.116,1,39,movement,43.505,-18.065,2347,1.0
39.133,1,3,movement,20.641,0.434,2348,1.0
39.133,0,252,movement,-1.549,-0.15,2348,1.0
39.133,0,4,movement,19.363,0.809,2348,1.0
39.133,0,2,movement,33.122,0.663,2348,1.0
39.133,1,22,movement,16.988,5.47,2348,1.0
39.133,0,370,movement,13.717,-8.716,2348,1.0
39.133,0,6,movement,2.884,-14.094,2348,1.0
39.133,0,7,movement,38.129,-18.636,2348,1.0
39.149,1,3,movement,20.616,0.433,2349,1.0
39.149,0,4,movement,19.473,0.818,2349,1.0
39.149,0,252,movement,-1.053,0.009,2349,1.0
39.149,0,2,movement,33.126,0.666,2349,1.0
39.149,1,22,movement,17.034,5.489,2349,1.0
39.149,0,6,movement,2.866,-14.096,2349,1.0
39.149,0,370,movement,13.834,-8.749,2349,1.0
39.149,0,7,movement,38.268,-18.646,2349,1.0
39.149,0,39,movement,43.166,-18.057,2349,1.0
39.166,1,4,movement,19.401,0.794,2350,1.0
39.166,1,2,movement,33.144,0.664,2350,1.0
39.166,0,3,movement,20.794,0.454,2350,1.0
39.166,0,252,movement,-1.045,0.005,2350,1.0
39.166,0,22,movement,17.073,5.5,2350,1.0
39.166,1,370,movement,13.842,-8.742,2350,1.0
39.166,1,6,movement,2.868,-14.094,2350,1.0
39.166,1,39,movement,43.316,-18.057,2350,1.0
39.166,1,7,movement,38.052,-18.625,2350,1.0
39.183,1,252,movement,-0.852,0.059,2351,1.0
39.183,0,4,movement,19.299,0.759,2351,1.0
39.183,1,3,movement,20.802,0.427,2351,1.0
39.183,0,2,movement,33.191,0.67,2351,1.0
39.183,1,22,movement,17.103,5.501,2351,1.0
39.183,0,6,movement,2.89,-14.096,2351,1.0
39.183,0,370,movement,13.845,-8.756,2351,1.0
39.183,0,7,movement,38.289,-18.68,2351,1.0
39.183,0,39,movement,43.005,-18.028,2351,1.0
39.199,0,3,movement,20.812,0.428,2352,1.0
39.199,1,4,movement,19.289,0.755,2352,1.0
39.199,0,252,movement,-0.865,0.032,2352,1.0
39.199,1,2,movement,33.243,0.68,2352,1.0
39.199,0,22,movement,17.08,5.494,2352,1.0
39.199,1,370,movement,13.704,-8.787,2352,1.0
39.199,1,6,movement,2.915,-14.083,2352,1.0
39.199,1,7,movement,38.46,-18.7,2352,1.0
39.216,1,2,movement,33.243,0.679,2353,1.0
39.216,1,4,movement,19.214,0.72,2353,1.0
39.216,0,3,movement,20.87,0.44,2353,1.0
39.216,1,252,movement,-1.258,-0.109,2353,1.0
39.216,0,22,movement,17.085,5.49,2353,1.0
39.216,1,370,movement,13.729,-8.807,2353,1.0
39.216,1,6,movement,3.399,-14.111,2353,1.0
39.216,1,7,movement,38.526,-18.704,2353,1.0
39.233,0,3,movement,21.032,0.481,2354,1.0
39.233,1,2,movement,33.188,0.673,2354,1.0
39.233,1,252,movement,-1.078,-0.078,2354,1.0
39.233,1,4,movement,19.169,0.7,2354,1.0
39.233,0,22,movement,17.003,5.462,2354,1.0
39.233,1,370,movement,13.688,-8.852,2354,1.0
39.233,1,6,movement,3.158,-14.101,2354,1.0
39.233,1,7,movement,39.192,-18.762,2354,1.0
39.249,0,2,movement,33.195,0.673,2355,1.0
39.249,0,4,movement,19.19,0.708,2355,1.0
39.249,1,3,movement,20.867,0.442,2355,1.0
39.249,0,252,movement,-1.743,-0.307,2355,1.0
39.249,1,22,movement,17.014,5.457,2355,1.0
39.249,0,370,movement,13.733,-8.848,2355,1.0
39.249,0,7,movement,39.649,-18.809,2355,1.0
39.249,0,6,movement,2.983,-14.089,2355,1.0
39.249,0,39,movement,43.299,-18.054,2355,1.0
39.266,1,3,movement,20.86,0.446,2356,1.0
39.266,0,4,movement,19.195,0.684,2356,1.0
39.266,0,2,movement,33.119,0.658,2356,1.0
39.266,1,22,movement,16.939,5.438,2356,1.0
39.266,1,252,movement,-1.758,-0.342,2356,1.0
39.266,0,370,movement,13.567,-8.918,2356,1.0
39.266,0,7,movement,39.559,-18.812,2356,1.0
39.266,0,39,movement,43.247,-18.04,2356,1.0
39.283,1,2,movement,33.216,0.675,2357,1.0
39.283,0,3,movement,20.854,0.443,2357,1.0
39.283,1,4,movement,19.204,0.688,2357,1.0
39.283,0,22,movement,16.986,5.441,2357,1.0
39.283,0,252,movement,-1.777,-0.374,2357,1.0
39.283,1,370,movement,13.481,-8.981,2357,1.0
39.283,1,6,movement,2.967,-14.087,2357,1.0
39.283,1,7,movement,39.647,-18.825,2357,1.0
39.283,1,39,movement,43.391,-18.058,2357,1.0
39.299,0,3,movement,20.721,0.415,2358,1.0
39.299,1,2,movement,33.177,0.673,2358,1.0
39.299,1,4,movement,19.159,0.652,2358,1.0
39.299,0,22,movement,16.857,5.398,2358,1.0
39.299,0,252,movement,-1.741,-0.411,2358,1.0
39.299,1,6,movement,3.374,-14.101,2358,1.0
39.299,1,7,movement,39.767,-18.819,2358,1.0
39.299,1,370,movement,13.777,-8.952,2358,1.0
39.299,1,39,movement,43.351,-18.057,2358,1.0
39.316,1,2,movement,33.245,0.682,2359,1.0
39.316,0,3,movement,20.761,0.421,2359,1.0
39.316,1,4,movement,19.322,0.637,2359,1.0
39.316,0,22,movement,16.958,5.412,2359,1.0
39.316,1,252,movement,-1.351,-0.264,2359,1.0
39.316,1,7,movement,39.518,-18.809,2359,1.0
39.316,1,6,movement,4.755,-14.169,2359,1.0
39.316,1,370,movement,13.839,-8.933,2359,1.0
39.316,1,39,movement,43.182,-18.008,2359,1.0
39.333,1,2,movement,33.316,0.693,2360,1.0
39.333,0,252,movement,-1.085,-0.183,2360,1.0
39.333,0,3,movement,20.716,0.395,2360,1.0
39.333,1,4,movement,19.306,0.61,2360,1.0
39.333,0,22,movement,17.0,5.425,2360,1.0
39.333,1,7,movement,39.24,-18.784,2360,1.0
39.333,1,370,movement,14.602,-8.867,2360,1.0
39.333,1,39,movement,43.122,-18.032,2360,1.0
39.349,1,2,movement,33.255,0.686,2361,1.0
39.349,1,4,movement,19.45,0.602,2361,1.0
39.349,0,22,movement,17.06,5.432,2361,1.0
39.349,0,252,movement,-1.18,-0.237,2361,1.0
39.349,1,7,movement,39.355,-18.793,2361,1.0
39.349,0,370,movement,17.365,-8.695,2361,1.0
39.349,1,39,movement,43.236,-18.003,2361,1.0
39.366,1,2,movement,33.252,0.692,2362,1.0
39.366,1,4,movement,19.464,0.601,2362,1.0
39.366,0,252,movement,-1.16,-0.232,2362,1.0
39.366,0,22,movement,17.01,5.398,2362,1.0
39.366,1,7,movement,39.218,-18.774,2362,1.0
39.366,0,370,movement,17.248,-8.762,2362,1.0
39.366,1,39,movement,43.4,-18.019,2362,1.0
39.366,0,280,movement,46.988,-16.48,2362,1.0
39.383,1,2,movement,33.239,0.684,2363,1.0
39.383,0,3,movement,20.69,0.363,2363,1.0
39.383,0,252,movement,-1.269,-0.284,2363,1.0
39.383,0,22,movement,16.922,5.364,2363,1.0
39.383,1,7,movement,39.563,-18.801,2363,1.0
39.383,0,370,movement,17.027,-8.795,2363,1.0
39.383,1,39,movement,43.461,-18.037,2363,1.0
39.399,1,2,movement,33.267,0.69,2364,1.0
39.399,1,4,movement,19.329,0.55,2364,1.0
39.399,0,252,movement,-1.495,-0.371,2364,1.0
39.399,0,22,movement,17.043,5.385,2364,1.0
39.399,1,7,movement,39.754,-18.832,2364,1.0
39.399,0,370,movement,16.84,-8.819,2364,1.0
39.399,1,39,movement,43.575,-18.058,2364,1.0
39.416,1,2,movement,33.192,0.675,2365,1.0
39.416,0,3,movement,20.512,0.315,2365,1.0
39.416,0,252,movement,-1.549,-0.426,2365,1.0
39.416,0,22,movement,17.028,5.368,2365,1.0
39.416,1,7,movement,39.582,-18.812,2365,1.0
39.416,1,406,movement,44.958,-18.889,2365,1.0
39.416,1,39,movement,43.519,-18.033,2365,1.0
39.416,0,280,movement,47.072,-16.479,2365,1.0
39.433,0,2,movement,33.217,0.678,2366,1.0
39.433,1,3,movement,20.546,0.314,2366,1.0
39.433,1,252,movement,-1.322,-0.365,2366,1.0
39.433,1,22,movement,17.033,5.349,2366,1.0
39.433,0,7,movement,39.821,-18.839,2366,1.0
39.433,0,39,movement,43.49,-18.031,2366,1.0
39.433,0,406,movement,45.352,-18.893,2366,1.0
39.433,0,408,movement,3.24,-14.101,2366,1.0
39.433,1,280,movement,46.787,-16.461,2366,1.0
39.449,1,252,movement,-1.102,-0.318,2367,1.0
39.449,1,3,movement,20.332,0.266,2367,1.0
39.449,0,2,movement,33.208,0.678,2367,1.0
39.449,1,22,movement,16.961,5.347,2367,1.0
39.449,0,7,movement,39.756,-18.84,2367,1.0
39.449,0,39,movement,43.249,-18.009,2367,1.0
39.449,0,406,movement,45.233,-18.907,2367,1.0
39.449,1,280,movement,46.354,-16.444,2367,1.0
39.449,0,408,movement,3.206,-14.106,2367,1.0
39.466,1,2,movement,33.143,0.673,2368,1.0
39.466,0,3,movement,20.357,0.254,2368,1.0
39.466,0,252,movement,-1.424,-0.427,2368,1.0
39.466,0,22,movement,17.035,5.337,2368,1.0
39.466,1,7,movement,39.674,-18.837,2368,1.0
39.466,0,280,movement,46.278,-16.454,2368,1.0
39.466,1,39,movement,43.296,-17.996,2368,1.0
39.466,1,406,movement,44.945,-18.912,2368,1.0
39.466,1,408,movement,3.16,-14.102,2368,1.0
39.483,0,2,movement,33.125,0.673,2369,1.0
39.483,1,3,movement,20.275,0.235,2369,1.0
39.483,1,252,movement,-1.407,-0.424,2369,1.0
39.483,1,22,movement,17.124,5.349,2369,1.0
39.483,0,7,movement,39.877,-18.857,2369,1.0
39.483,1,280,movement,46.108,-16.415,2369,1.0
39.483,0,39,movement,43.202,-17.982,2369,1.0
39.483,0,406,movement,44.731,-18.86,2369,1.0
39.483,0,408,movement,3.267,-14.119,2369,1.0
39.499,1,2,movement,32.979,0.648,2370,1.0
39.499,1,4,movement,19.357,0.461,2370,1.0
39.499,0,252,movement,-1.248,-0.406,2370,1.0
39.499,0,22,movement,17.117,5.338,2370,1.0
39.499,1,7,movement,39.888,-18.855,2370,1.0
39.499,1,39,movement,43.315,-17.985,2370,1.0
39.499,0,280,movement,45.888,-16.419,2370,1.0
39.499,1,406,movement,44.881,-18.847,2370,1.0
39.516,0,252,movement,-1.064,-0.382,2371,1.0
39.516,1,2,movement,33.087,0.665,2371,1.0
39.516,1,4,movement,19.315,0.441,2371,1.0
39.516,0,22,movement,17.129,5.322,2371,1.0
39.516,1,7,movement,39.608,-18.831,2371,1.0
39.516,1,39,movement,43.266,-17.996,2371,1.0
39.516,1,406,movement,44.786,-18.87,2371,1.0
39.516,0,280,movement,45.882,-16.421,2371,1.0
39.533,1,252,movement,-1.05,-0.392,2372,1.0
39.533,0,2,movement,33.049,0.66,2372,1.0
39.533,0,4,movement,19.146,0.397,2372,1.0
39.533,1,22,movement,17.087,5.302,2372,1.0
39.533,0,7,movement,39.51,-18.818,2372,1.0
39.533,0,39,movement,43.133,-17.957,2372,1.0
39.533,0,406,movement,44.791,-18.857,2372,1.0
39.533,1,280,movement,45.876,-16.421,2372,1.0
39.533,0,408,movement,2.96,-14.09,2372,1.0
39.549,0,2,movement,33.036,0.661,2373,1.0
39.549,1,252,movement,-1.031,-0.399,2373,1.0
39.549,0,4,movement,19.149,0.368,2373,1.0
39.549,1,22,movement,17.1,5.296,2373,1.0
39.549,0,7,movement,39.749,-18.837,2373,1.0
39.549,0,408,movement,3.25,-14.126,2373,1.0
39.549,0,39,movement,43.347,-18.006,2373,1.0
39.549,0,406,movement,45.028,-18.918,2373,1.0
39.549,1,280,movement,46.524,-16.449,2373,1.0
39.566,0,2,movement,33.005,0.656,2374,1.0
39.566,1,3,movement,20.155,0.166,2374,1.0
39.566,1,252,movement,-0.986,-0.406,2374,1.0
39.566,1,22,movement,17.044,5.265,2374,1.0
39.566,0,7,movement,39.789,-18.84,2374,1.0
39.566,0,408,movement,3.25,-14.131,2374,1.0
39.566,0,39,movement,43.4,-18.003,2374,1.0
39.566,1,416,movement,13.17,-9.447,2374,1.0
39.566,1,280,movement,46.112,-16.438,2374,1.0
39.583,1,252,movement,-0.941,-0.403,2375,1.0
39.583,1,3,movement,20.094,0.145,2375,1.0
39.583,0,2,movement,32.863,0.632,2375,1.0
39.583,1,22,movement,17.072,5.267,2375,1.0
39.583,0,408,movement,3.39,-14.142,2375,1.0
39.583,0,7,movement,39.452,-18.8,2375,1.0
39.583,1,416,movement,13.123,-9.482,2375,1.0
39.583,0,406,movement,45.03,-18.898,2375,1.0
39.583,0,39,movement,43.375,-18.018,2375,1.0
39.583,1,280,movement,46.11,-16.44,2375,1.0
39.599,0,2,movement,33.131,0.684,2376,1.0
39.599,1,3,movement,20.014,0.106,2376,1.0
39.599,1,252,movement,-0.88,-0.368,2376,1.0
39.599,1,22,movement,16.998,5.236,2376,1.0
39.599,0,408,movement,3.441,-14.142,2376,1.0
39.599,0,7,movement,39.204,-18.779,2376,1.0
39.599,1,416,movement,12.969,-9.522,2376,1.0
39.599,0,39,movement,43.308,-18.021,2376,1.0
39.599,1,280,movement,45.893,-16.418,2376,1.0
39.616,1,3,movement,20.045,0.078,2377,1.0
39.616,1,252,movement,-0.778,-0.329,2377,1.0
39.616,0,2,movement,33.14,0.691,2377,1.0
39.616,1,22,movement,16.94,5.201,2377,1.0
39.616,0,408,movement,3.415,-14.153,2377,1.0
39.616,0,7,movement,39.423,-18.788,2377,1.0
39.616,1,416,movement,12.783,-9.544,2377,1.0
39.616,0,39,movement,43.31,-18.016,2377,1.0
39.616,1,280,movement,46.212,-16.425,2377,1.0
39.633,0,3,movement,20.03,0.049,2378,1.0
39.633,1,2,movement,33.116,0.685,2378,1.0
39.633,0,22,movement,16.917,5.185,2378,1.0
39.633,0,252,movement,-0.487,-0.28,2378,1.0
39.633,1,7,movement,39.192,-18.774,2378,1.0
39.633,0,416,movement,12.555,-9.605,2378,1.0
39.633,1,408,movement,3.377,-14.155,2378,1.0
39.633,1,39,movement,43.246,-18.003,2378,1.0
39.633,1,406,movement,44.953,-18.904,2378,1.0
39.633,0,280,movement,46.038,-16.409,2378,1.0
39.649,1,2,movement,33.161,0.691,2379,1.0
39.649,0,3,movement,20.003,0.017,2379,1.0
39.649,0,252,movement,-0.629,-0.345,2379,1.0
39.649,0,22,movement,16.829,5.154,2379,1.0
39.649,0,416,movement,12.45,-9.592,2379,1.0
39.649,1,408,movement,3.434,-14.157,2379,1.0
39.649,1,7,movement,39.242,-18.785,2379,1.0
39.649,1,39,movement,43.531,-18.04,2379,1.0
39.666,1,2,movement,33.246,0.711,2380,1.0
39.666,0,22,movement,16.824,5.13,2380,1.0
39.666,0,3,movement,20.134,0.01,2380,1.0
39.666,0,252,movement,-0.425,-0.288,2380,1.0
39.666,0,416,movement,11.804,-9.649,2380,1.0
39.666,1,408,movement,3.532,-14.163,2380,1.0
39.666,1,7,movement,39.203,-18.792,2380,1.0
39.666,1,406,movement,45.279,-18.936,2380,1.0
39.666,1,39,movement,43.42,-18.017,2380,1.0
39.666,0,280,movement,45.392,-16.341,2380,1.0
39.683,1,2,movement,33.148,0.698,2381,1.0
39.683,0,22,movement,16.812,5.119,2381,1.0
39.683,0,252,movement,-0.454,-0.303,2381,1.0
39.683,0,3,movement,20.166,0.001,2381,1.0
39.683,0,416,movement,12.273,-9.619,2381,1.0
39.683,1,408,movement,3.554,-14.162,2381,1.0
39.683,1,7,movement,39.419,-18.793,2381,1.0
39.683,1,406,movement,45.109,-18.913,2381,1.0
39.683,1,39,movement,43.407,-18.036,2381,1.0
39.699,1,2,movement,33.124,0.689,2382,1.0
39.699,0,22,movement,16.789,5.095,2382,1.0
39.699,0,3,movement,20.106,-0.032,2382,1.0
39.699,0,252,movement,-0.507,-0.331,2382,1.0
39.699,0,416,movement,12.41,-9.6,2382,1.0
39.699,1,408,movement,3.579,-14.158,2382,1.0
39.699,1,7,movement,39.13,-18.769,2382,1.0
39.699,1,406,movement,45.012,-18.923,2382,1.0
39.699,1,39,movement,43.276,-18.032,2382,1.0
39.699,-1,-1,movement,3.091,-0.111,2382,1.0
39.716,1,2,movement,33.139,0.693,2383,1.0
39.716,0,252,movement,-0.654,-0.368,2383,1.0
39.716,0,22,movement,16.693,5.048,2383,1.0
39.716,1,4,movement,18.76,0.142,2383,1.0
39.716,0,416,movement,12.112,-9.653,2383,1.0
39.716,1,408,movement,3.598,-14.167,2383,1.0
39.716,1,7,movement,39.026,-18.75,2383,1.0
39.716,1,39,movement,43.272,-18.031,2383,1.0
39.716,-1,-1,movement,3.091,-0.111,2383,1.0
39.733,0,3,movement,20.014,-0.061,2384,1.0
39.733,1,2,movement,33.235,0.716,2384,1.0
39.733,0,22,movement,16.61,5.003,2384,1.0
39.733,0,252,movement,-0.377,-0.293,2384,1.0
39.733,0,416,movement,12.203,-9.61,2384,1.0
39.733,1,408,movement,3.585,-14.172,2384,1.0
39.733,1,7,movement,39.201,-18.77,2384,1.0
39.733,1,39,movement,43.359,-18.025,2384,1.0
39.733,-1,-1,movement,3.434,-0.525,2384,1.0
39.749,0,252,movement,-0.656,-0.383,2385,1.0
39.749,1,2,movement,33.212,0.714,2385,1.0
39.749,0,22,movement,16.669,5.021,2385,1.0
39.749,0,416,movement,12.363,-9.615,2385,1.0
39.749,0,3,movement,19.948,-0.078,2385,1.0
39.749,1,408,movement,3.548,-14.161,2385,1.0
39.749,1,7,movement,39.189,-18.787,2385,1.0
39.749,1,406,movement,45.001,-18.91,2385,1.0
39.749,1,39,movement,43.304,-18.015,2385,1.0
39.749,0,280,movement,45.171,-16.283,2385,1.0
39.749,-1,-1,movement,3.608,-0.709,2385,1.0
39.766,1,2,movement,33.17,0.706,2386,1.0
39.766,0,3,movement,19.969,-0.109,2386,1.0
39.766,0,252,movement,-0.618,-0.391,2386,1.0
39.766,0,416,movement,12.349,-9.601,2386,1.0
39.766,1,408,movement,3.611,-14.174,2386,1.0
39.766,0,22,movement,16.624,4.998,2386,1.0
39.766,1,7,movement,39.243,-18.794,2386,1.0
39.766,1,406,movement,45.279,-18.944,2386,1.0
39.766,1,39,movement,43.209,-17.998,2386,1.0
39.766,-1,-1,movement,3.608,-0.709,2386,1.0
39.783,1,2,movement,33.141,0.703,2387,1.0
39.783,0,3,movement,20.09,-0.097,2387,1.0
39.783,1,408,movement,3.586,-14.177,2387,1.0
39.783,0,416,movement,12.331,-9.604,2387,1.0
39.783,0,252,movement,-0.505,-0.39,2387,1.0
39.783,0,22,movement,16.683,4.99,2387,1.0
39.783,1,7,movement,39.024,-18.782,2387,1.0
39.783,1,406,movement,45.263,-18.902,2387,1.0
39.783,1,39,movement,43.341,-18.034,2387,1.0
39.783,-1,-1,movement,3.608,-0.709,2387,1.0
39.799,1,3,movement,20.127,-0.12,2388,1.0
39.799,0,2,movement,33.181,0.708,2388,1.0
39.799,1,252,movement,-0.556,-0.423,2388,1.0
39.799,0,408,movement,3.577,-14.181,2388,1.0
39.799,1,22,movement,16.582,4.944,2388,1.0
39.799,1,416,movement,12.482,-9.587,2388,1.0
39.799,0,7,movement,39.088,-18.784,2388,1.0
39.799,0,406,movement,45.156,-18.925,2388,1.0
39.799,0,39,movement,43.321,-18.04,2388,1.0
39.799,-1,-1,movement,3.608,-0.709,2388,1.0
39.816,1,22,movement,16.638,4.931,2389,1.0
39.816,1,3,movement,20.187,-0.135,2389,1.0
39.816,1,252,movement,-0.535,-0.427,2389,1.0
39.816,0,2,movement,33.194,0.714,2389,1.0
39.816,0,408,movement,3.616,-14.194,2389,1.0
39.816,1,416,movement,12.528,-9.574,2389,1.0
39.816,0,7,movement,39.206,-18.786,2389,1.0
39.816,0,406,movement,45.711,-18.944,2389,1.0
39.816,0,39,movement,43.376,-18.039,2389,1.0
39.816,-1,-1,movement,3.608,-0.709,2389,1.0
39.833,0,3,movement,20.195,-0.17,2390,1.0
39.833,1,2,movement,33.274,0.725,2390,1.0
39.833,0,252,movement,-0.285,-0.367,2390,1.0
39.833,0,22,movement,16.635,4.913,2390,1.0
39.833,1,408,movement,3.679,-14.207,2390,1.0
39.833,0,416,movement,12.605,-9.572,2390,1.0
39.833,1,7,movement,39.17,-18.778,2390,1.0
39.833,1,39,movement,43.393,-18.04,2390,1.0
39.833,1,406,movement,45.564,-18.938,2390,1.0
39.833,-1,-1,movement,4.436,-1.721,2390,1.0
39.849,1,2,movement,33.249,0.712,2391,1.0
39.849,0,3,movement,20.263,-0.175,2391,1.0
39.849,0,22,movement,16.589,4.882,2391,1.0
39.849,1,408,movement,3.696,-14.212,2391,1.0
39.849,0,252,movement,-0.002,-0.282,2391,1.0
39.849,1,7,movement,38.926,-18.746,2391,1.0
39.849,0,416,movement,12.725,-9.549,2391,1.0
39.849,1,39,movement,43.445,-18.026,2391,1.0
39.849,-1,-1,movement,4.436,-1.721,2391,1.0
39.866,0,4,movement,18.599,-0.019,2392,1.0
39.866,1,3,movement,20.461,-0.166,2392,1.0
39.866,0,408,movement,3.702,-14.218,2392,1.0
39.866,0,2,movement,33.263,0.721,2392,1.0
39.866,1,22,movement,16.558,4.856,2392,1.0
39.866,1,252,movement,-0.396,-0.445,2392,1.0
39.866,0,7,movement,38.944,-18.753,2392,1.0
39.866,1,416,movement,12.834,-9.544,2392,1.0
39.866,0,39,movement,43.248,-18.011,2392,1.0
39.866,-1,-1,movement,4.561,-2.201,2392,1.0
39.883,0,4,movement,18.665,-0.026,2393,1.0
39.883,1,22,movement,16.645,4.852,2393,1.0
39.883,0,2,movement,33.416,0.744,2393,1.0
39.883,0,408,movement,3.755,-14.216,2393,1.0
39.883,1,3,movement,20.537,-0.18,2393,1.0
39.883,1,252,movement,-0.66,-0.548,2393,1.0
39.883,1,416,movement,12.922,-9.512,2393,1.0
39.883,0,7,movement,39.01,-18.743,2393,1.0
39.883,0,39,movement,43.497,-18.051,2393,1.0
39.883,-1,-1,movement,4.561,-2.201,2393,1.0
39.899,1,4,movement,18.633,-0.06,2394,1.0
39.899,1,2,movement,33.298,0.725,2394,1.0
39.899,0,22,movement,16.582,4.807,2394,1.0
39.899,0,252,movement,-0.508,-0.514,2394,1.0
39.899,1,408,movement,3.67,-14.224,2394,1.0
39.899,1,416,movement,13.085,-9.499,2394,1.0
39.899,1,7,movement,39.318,-18.771,2394,1.0
39.899,1,39,movement,43.644,-18.055,2394,1.0
39.899,-1,-1,movement,4.561,-2.201,2394,1.0
39.916,0,4,movement,18.594,-0.072,2395,1.0
39.916,0,2,movement,33.329,0.733,2395,1.0
39.916,1,3,movement,20.613,-0.194,2395,1.0
39.916,0,252,movement,-0.374,-0.487,2395,1.0
39.916,1,22,movement,16.546,4.781,2395,1.0
39.916,0,408,movement,3.71,-14.233,2395,1.0
39.916,0,7,movement,38.978,-18.744,2395,1.0
39.916,0,416,movement,13.148,-9.483,2395,1.0
39.916,0,39,movement,43.508,-18.023,2395,1.0
39.916,-1,-1,movement,4.561,-2.201,2395,1.0
39.933,0,2,movement,33.478,0.753,2396,1.0
39.933,1,252,movement,-0.182,-0.428,2396,1.0
39.933,1,3,movement,20.726,-0.19,2396,1.0
39.933,0,4,movement,18.461,-0.108,2396,1.0
39.933,1,22,movement,16.475,4.726,2396,1.0
39.933,0,408,movement,3.709,-14.24,2396,1.0
39.933,0,7,movement,39.104,-18.761,2396,1.0
39.933,0,39,movement,43.418,-18.029,2396,1.0
39.933,0,416,movement,13.37,-9.448,2396,1.0
39.933,-1,-1,movement,4.561,-2.201,2396,1.0
39.949,1,2,movement,33.502,0.755,2397,1.0
39.949,0,3,movement,20.547,-0.242,2397,1.0
39.949,0,252,movement,-0.113,-0.415,2397,1.0
39.949,1,4,movement,18.385,-0.147,2397,1.0
39.949,0,22,movement,16.524,4.712,2397,1.0
39.949,1,408,movement,3.748,-14.244,2397,1.0
39.949,1,7,movement,38.934,-18.741,2397,1.0
39.949,1,39,movement,43.239,-18.014,2397,1.0
39.949,-1,-1,movement,4.561,-2.201,2397,1.0
39.966,0,2,movement,33.546,0.761,2398,1.0
39.966,1,252,movement,-0.221,-0.462,2398,1.0
39.966,0,4,movement,18.312,-0.176,2398,1.0
39.966,1,3,movement,20.53,-0.276,2398,1.0
39.966,1,22,movement,16.547,4.697,2398,1.0
39.966,0,408,movement,3.712,-14.245,2398,1.0
39.966,0,7,movement,38.804,-18.725,2398,1.0
39.966,0,416,movement,13.356,-9.463,2398,1.0
39.966,0,39,movement,43.095,-17.987,2398,1.0
39.966,-1,-1,movement,4.561,-2.201,2398,1.0
39.983,0,2,movement,33.623,0.775,2399,1.0
39.983,1,252,movement,-0.281,-0.513,2399,1.0
39.983,0,408,movement,3.732,-14.231,2399,1.0
39.983,0,4,movement,18.294,-0.192,2399,1.0
39.983,1,22,movement,16.606,4.684,2399,1.0
39.983,1,3,movement,20.536,-0.301,2399,1.0
39.983,0,7,movement,39.247,-18.766,2399,1.0
39.983,0,39,movement,43.243,-18.021,2399,1.0
39.983,0,416,movement,13.468,-9.457,2399,1.0
39.983,-1,-1,movement,4.561,-2.201,2399,1.0
